<?xml version="1.0" encoding="UTF-8"?>
<gpx version="1.1" creator="GPSBabel - http://www.gpsbabel.org" xmlns="http://www.topografix.com/GPX/1/1" xmlns:gpxdata="http://www.cluetrust.com/XML/GPXDATA/1/0" xmlns:gpxx="http://www.garmin.com/xmlschemas/GpxExtensions/v3" xmlns:gpxtpx="http://www.garmin.com/xmlschemas/TrackPointExtension/v1" xmlns:mt="net.tourbook/1" xmlns:xsi="http://www.w3.org/2001/XMLSchema-instance">
  <metadata>
    <time>2022-10-05T06:22:37.286Z</time>
    <bounds minlat="54.380438300" minlon="12.498845000" maxlat="54.473342500" maxlon="12.808455300"/>
  </metadata>
  <trk>
    <name>Ebike Darß - Zingst</name>
    <trkseg>
      <trkpt lat="54.380494100" lon="12.679834900">
        <ele>29.000</ele>
        <time>2021-06-07T08:48:31Z</time>
        <extensions>
          <gpxtpx:TrackPointExtension>
            <gpxtpx:atemp>27.1</gpxtpx:atemp>
            <gpxtpx:cad>0</gpxtpx:cad>
          </gpxtpx:TrackPointExtension>
          <gpxdata:distance>0.0</gpxdata:distance>
        </extensions>
      </trkpt>
      <trkpt lat="54.380806300" lon="12.680309100">
        <ele>29.000</ele>
        <time>2021-06-07T08:49:06Z</time>
        <extensions>
          <gpxtpx:TrackPointExtension>
            <gpxtpx:atemp>27.2</gpxtpx:atemp>
            <gpxtpx:cad>0</gpxtpx:cad>
          </gpxtpx:TrackPointExtension>
          <gpxdata:distance>1.506</gpxdata:distance>
        </extensions>
      </trkpt>
      <trkpt lat="54.380461300" lon="12.679495100">
        <ele>29.000</ele>
        <time>2021-06-07T08:49:35Z</time>
        <extensions>
          <gpxtpx:TrackPointExtension>
            <gpxtpx:atemp>27.2</gpxtpx:atemp>
            <gpxtpx:cad>0</gpxtpx:cad>
          </gpxtpx:TrackPointExtension>
          <gpxdata:distance>0.486</gpxdata:distance>
        </extensions>
      </trkpt>
      <trkpt lat="54.380438300" lon="12.679551100">
        <ele>29.000</ele>
        <time>2021-06-07T08:49:48Z</time>
        <extensions>
          <gpxtpx:TrackPointExtension>
            <gpxtpx:atemp>27.2</gpxtpx:atemp>
            <gpxtpx:cad>0</gpxtpx:cad>
          </gpxtpx:TrackPointExtension>
          <gpxdata:distance>4.449</gpxdata:distance>
        </extensions>
      </trkpt>
      <trkpt lat="54.380562700" lon="12.679676300">
        <ele>29.000</ele>
        <time>2021-06-07T08:50:03Z</time>
        <extensions>
          <gpxtpx:TrackPointExtension>
            <gpxtpx:atemp>27.1</gpxtpx:atemp>
            <gpxtpx:cad>0</gpxtpx:cad>
          </gpxtpx:TrackPointExtension>
          <gpxdata:distance>0.266</gpxdata:distance>
        </extensions>
      </trkpt>
      <trkpt lat="54.380453700" lon="12.679472300">
        <ele>29.000</ele>
        <time>2021-06-07T08:50:57Z</time>
        <extensions>
          <gpxtpx:TrackPointExtension>
            <gpxtpx:atemp>26.9</gpxtpx:atemp>
            <gpxtpx:cad>0</gpxtpx:cad>
          </gpxtpx:TrackPointExtension>
          <gpxdata:distance>1.541</gpxdata:distance>
        </extensions>
      </trkpt>
      <trkpt lat="54.381651100" lon="12.678641500">
        <ele>29.000</ele>
        <time>2021-06-07T08:51:27Z</time>
        <extensions>
          <gpxtpx:TrackPointExtension>
            <gpxtpx:atemp>26.7</gpxtpx:atemp>
            <gpxtpx:cad>0</gpxtpx:cad>
          </gpxtpx:TrackPointExtension>
          <gpxdata:distance>1.825</gpxdata:distance>
        </extensions>
      </trkpt>
      <trkpt lat="54.381621700" lon="12.678542300">
        <ele>28.000</ele>
        <time>2021-06-07T08:52:08Z</time>
        <extensions>
          <gpxtpx:TrackPointExtension>
            <gpxtpx:atemp>26.4</gpxtpx:atemp>
            <gpxtpx:cad>0</gpxtpx:cad>
          </gpxtpx:TrackPointExtension>
          <gpxdata:distance>6.801</gpxdata:distance>
        </extensions>
      </trkpt>
      <trkpt lat="54.382771700" lon="12.677557300">
        <ele>27.000</ele>
        <time>2021-06-07T08:52:39Z</time>
        <extensions>
          <gpxtpx:TrackPointExtension>
            <gpxtpx:atemp>26.2</gpxtpx:atemp>
            <gpxtpx:cad>0</gpxtpx:cad>
          </gpxtpx:TrackPointExtension>
          <gpxdata:distance>4.213</gpxdata:distance>
        </extensions>
      </trkpt>
      <trkpt lat="54.382540700" lon="12.676464300">
        <ele>27.000</ele>
        <time>2021-06-07T08:52:54Z</time>
        <extensions>
          <gpxtpx:TrackPointExtension>
            <gpxtpx:atemp>26.0</gpxtpx:atemp>
            <gpxtpx:cad>0</gpxtpx:cad>
          </gpxtpx:TrackPointExtension>
          <gpxdata:distance>4.915</gpxdata:distance>
        </extensions>
      </trkpt>
      <trkpt lat="54.382079300" lon="12.675436300">
        <ele>26.000</ele>
        <time>2021-06-07T08:53:10Z</time>
        <extensions>
          <gpxtpx:TrackPointExtension>
            <gpxtpx:atemp>25.9</gpxtpx:atemp>
            <gpxtpx:cad>0</gpxtpx:cad>
          </gpxtpx:TrackPointExtension>
          <gpxdata:distance>5.304</gpxdata:distance>
        </extensions>
      </trkpt>
      <trkpt lat="54.381749300" lon="12.674480300">
        <ele>26.000</ele>
        <time>2021-06-07T08:53:22Z</time>
        <extensions>
          <gpxtpx:TrackPointExtension>
            <gpxtpx:atemp>25.7</gpxtpx:atemp>
            <gpxtpx:cad>0</gpxtpx:cad>
          </gpxtpx:TrackPointExtension>
          <gpxdata:distance>6.293</gpxdata:distance>
        </extensions>
      </trkpt>
      <trkpt lat="54.381464300" lon="12.673215300">
        <ele>25.000</ele>
        <time>2021-06-07T08:53:37Z</time>
        <extensions>
          <gpxtpx:TrackPointExtension>
            <gpxtpx:atemp>25.6</gpxtpx:atemp>
            <gpxtpx:cad>0</gpxtpx:cad>
          </gpxtpx:TrackPointExtension>
          <gpxdata:distance>5.013</gpxdata:distance>
        </extensions>
      </trkpt>
      <trkpt lat="54.381518300" lon="12.672987300">
        <ele>25.000</ele>
        <time>2021-06-07T08:53:42Z</time>
        <extensions>
          <gpxtpx:TrackPointExtension>
            <gpxtpx:atemp>25.5</gpxtpx:atemp>
            <gpxtpx:cad>0</gpxtpx:cad>
          </gpxtpx:TrackPointExtension>
          <gpxdata:distance>3.369</gpxdata:distance>
        </extensions>
      </trkpt>
      <trkpt lat="54.382102900" lon="12.673131600">
        <ele>25.000</ele>
        <time>2021-06-07T08:54:15Z</time>
        <extensions>
          <gpxtpx:TrackPointExtension>
            <gpxtpx:atemp>25.3</gpxtpx:atemp>
            <gpxtpx:cad>0</gpxtpx:cad>
          </gpxtpx:TrackPointExtension>
          <gpxdata:distance>1.057</gpxdata:distance>
        </extensions>
      </trkpt>
      <trkpt lat="54.381474900" lon="12.672993600">
        <ele>25.000</ele>
        <time>2021-06-07T08:54:49Z</time>
        <extensions>
          <gpxtpx:TrackPointExtension>
            <gpxtpx:atemp>25.0</gpxtpx:atemp>
            <gpxtpx:cad>0</gpxtpx:cad>
          </gpxtpx:TrackPointExtension>
          <gpxdata:distance>1.019</gpxdata:distance>
        </extensions>
      </trkpt>
      <trkpt lat="54.383231000" lon="12.673364700">
        <ele>25.000</ele>
        <time>2021-06-07T08:55:51Z</time>
        <extensions>
          <gpxtpx:TrackPointExtension>
            <gpxtpx:atemp>24.6</gpxtpx:atemp>
            <gpxtpx:cad>0</gpxtpx:cad>
          </gpxtpx:TrackPointExtension>
          <gpxdata:distance>6.766</gpxdata:distance>
        </extensions>
      </trkpt>
      <trkpt lat="54.389590000" lon="12.673356400">
        <ele>25.000</ele>
        <time>2021-06-07T08:57:37Z</time>
        <extensions>
          <gpxtpx:TrackPointExtension>
            <gpxtpx:atemp>23.6</gpxtpx:atemp>
            <gpxtpx:cad>0</gpxtpx:cad>
          </gpxtpx:TrackPointExtension>
          <gpxdata:distance>6.961</gpxdata:distance>
        </extensions>
      </trkpt>
      <trkpt lat="54.389867000" lon="12.673535400">
        <ele>25.000</ele>
        <time>2021-06-07T08:57:41Z</time>
        <extensions>
          <gpxtpx:TrackPointExtension>
            <gpxtpx:atemp>23.5</gpxtpx:atemp>
            <gpxtpx:cad>0</gpxtpx:cad>
          </gpxtpx:TrackPointExtension>
          <gpxdata:distance>7.796</gpxdata:distance>
        </extensions>
      </trkpt>
      <trkpt lat="54.390995000" lon="12.673584400">
        <ele>25.000</ele>
        <time>2021-06-07T08:57:59Z</time>
        <extensions>
          <gpxtpx:TrackPointExtension>
            <gpxtpx:atemp>23.4</gpxtpx:atemp>
            <gpxtpx:cad>0</gpxtpx:cad>
          </gpxtpx:TrackPointExtension>
          <gpxdata:distance>6.846</gpxdata:distance>
        </extensions>
      </trkpt>
      <trkpt lat="54.391334200" lon="12.673371800">
        <ele>25.000</ele>
        <time>2021-06-07T08:58:05Z</time>
        <extensions>
          <gpxtpx:TrackPointExtension>
            <gpxtpx:atemp>23.2</gpxtpx:atemp>
            <gpxtpx:cad>0</gpxtpx:cad>
          </gpxtpx:TrackPointExtension>
          <gpxdata:distance>6.671</gpxdata:distance>
        </extensions>
      </trkpt>
      <trkpt lat="54.392422200" lon="12.673586800">
        <ele>25.000</ele>
        <time>2021-06-07T08:58:23Z</time>
        <extensions>
          <gpxtpx:TrackPointExtension>
            <gpxtpx:atemp>23.0</gpxtpx:atemp>
            <gpxtpx:cad>0</gpxtpx:cad>
          </gpxtpx:TrackPointExtension>
          <gpxdata:distance>6.823</gpxdata:distance>
        </extensions>
      </trkpt>
      <trkpt lat="54.394754800" lon="12.673607400">
        <ele>25.000</ele>
        <time>2021-06-07T08:59:02Z</time>
        <extensions>
          <gpxtpx:TrackPointExtension>
            <gpxtpx:atemp>22.7</gpxtpx:atemp>
            <gpxtpx:cad>0</gpxtpx:cad>
          </gpxtpx:TrackPointExtension>
          <gpxdata:distance>6.846</gpxdata:distance>
        </extensions>
      </trkpt>
      <trkpt lat="54.395827800" lon="12.673398400">
        <ele>25.000</ele>
        <time>2021-06-07T08:59:20Z</time>
        <extensions>
          <gpxtpx:TrackPointExtension>
            <gpxtpx:atemp>22.6</gpxtpx:atemp>
            <gpxtpx:cad>0</gpxtpx:cad>
          </gpxtpx:TrackPointExtension>
          <gpxdata:distance>6.561</gpxdata:distance>
        </extensions>
      </trkpt>
      <trkpt lat="54.401515600" lon="12.673422600">
        <ele>25.000</ele>
        <time>2021-06-07T09:00:59Z</time>
        <extensions>
          <gpxtpx:TrackPointExtension>
            <gpxtpx:atemp>22.2</gpxtpx:atemp>
            <gpxtpx:cad>0</gpxtpx:cad>
          </gpxtpx:TrackPointExtension>
          <gpxdata:distance>6.583</gpxdata:distance>
        </extensions>
      </trkpt>
      <trkpt lat="54.402271000" lon="12.673310500">
        <ele>25.000</ele>
        <time>2021-06-07T09:01:12Z</time>
        <extensions>
          <gpxtpx:TrackPointExtension>
            <gpxtpx:atemp>22.1</gpxtpx:atemp>
            <gpxtpx:cad>0</gpxtpx:cad>
          </gpxtpx:TrackPointExtension>
          <gpxdata:distance>6.776</gpxdata:distance>
        </extensions>
      </trkpt>
      <trkpt lat="54.402905000" lon="12.673008500">
        <ele>25.000</ele>
        <time>2021-06-07T09:01:23Z</time>
        <extensions>
          <gpxtpx:TrackPointExtension>
            <gpxtpx:atemp>22.0</gpxtpx:atemp>
            <gpxtpx:cad>0</gpxtpx:cad>
          </gpxtpx:TrackPointExtension>
          <gpxdata:distance>6.426</gpxdata:distance>
        </extensions>
      </trkpt>
      <trkpt lat="54.403271000" lon="12.672687500">
        <ele>25.000</ele>
        <time>2021-06-07T09:01:30Z</time>
        <extensions>
          <gpxtpx:TrackPointExtension>
            <gpxtpx:atemp>22.0</gpxtpx:atemp>
            <gpxtpx:cad>0</gpxtpx:cad>
          </gpxtpx:TrackPointExtension>
          <gpxdata:distance>6.605</gpxdata:distance>
        </extensions>
      </trkpt>
      <trkpt lat="54.405010300" lon="12.670616400">
        <ele>24.000</ele>
        <time>2021-06-07T09:02:09Z</time>
        <extensions>
          <gpxtpx:TrackPointExtension>
            <gpxtpx:atemp>21.9</gpxtpx:atemp>
            <gpxtpx:cad>0</gpxtpx:cad>
          </gpxtpx:TrackPointExtension>
          <gpxdata:distance>3.415</gpxdata:distance>
        </extensions>
      </trkpt>
      <trkpt lat="54.405184300" lon="12.669804400">
        <ele>24.000</ele>
        <time>2021-06-07T09:02:21Z</time>
        <extensions>
          <gpxtpx:TrackPointExtension>
            <gpxtpx:atemp>21.9</gpxtpx:atemp>
            <gpxtpx:cad>0</gpxtpx:cad>
          </gpxtpx:TrackPointExtension>
          <gpxdata:distance>5.81</gpxdata:distance>
        </extensions>
      </trkpt>
      <trkpt lat="54.405381300" lon="12.669294400">
        <ele>23.000</ele>
        <time>2021-06-07T09:02:27Z</time>
        <extensions>
          <gpxtpx:TrackPointExtension>
            <gpxtpx:atemp>21.9</gpxtpx:atemp>
            <gpxtpx:cad>0</gpxtpx:cad>
          </gpxtpx:TrackPointExtension>
          <gpxdata:distance>6.941</gpxdata:distance>
        </extensions>
      </trkpt>
      <trkpt lat="54.408488300" lon="12.665342000">
        <ele>21.000</ele>
        <time>2021-06-07T09:03:37Z</time>
        <extensions>
          <gpxtpx:TrackPointExtension>
            <gpxtpx:atemp>21.8</gpxtpx:atemp>
            <gpxtpx:cad>0</gpxtpx:cad>
          </gpxtpx:TrackPointExtension>
          <gpxdata:distance>5.549</gpxdata:distance>
        </extensions>
      </trkpt>
      <trkpt lat="54.408858300" lon="12.665198000">
        <ele>21.000</ele>
        <time>2021-06-07T09:03:45Z</time>
        <extensions>
          <gpxtpx:TrackPointExtension>
            <gpxtpx:atemp>21.8</gpxtpx:atemp>
            <gpxtpx:cad>0</gpxtpx:cad>
          </gpxtpx:TrackPointExtension>
          <gpxdata:distance>5.01</gpxdata:distance>
        </extensions>
      </trkpt>
      <trkpt lat="54.409261300" lon="12.665424000">
        <ele>21.000</ele>
        <time>2021-06-07T09:03:56Z</time>
        <extensions>
          <gpxtpx:TrackPointExtension>
            <gpxtpx:atemp>21.7</gpxtpx:atemp>
            <gpxtpx:cad>0</gpxtpx:cad>
          </gpxtpx:TrackPointExtension>
          <gpxdata:distance>3.829</gpxdata:distance>
        </extensions>
      </trkpt>
      <trkpt lat="54.410086000" lon="12.664477000">
        <ele>20.000</ele>
        <time>2021-06-07T09:04:21Z</time>
        <extensions>
          <gpxtpx:TrackPointExtension>
            <gpxtpx:atemp>21.7</gpxtpx:atemp>
            <gpxtpx:cad>0</gpxtpx:cad>
          </gpxtpx:TrackPointExtension>
          <gpxdata:distance>5.466</gpxdata:distance>
        </extensions>
      </trkpt>
      <trkpt lat="54.410844000" lon="12.663765000">
        <ele>19.000</ele>
        <time>2021-06-07T09:04:37Z</time>
        <extensions>
          <gpxtpx:TrackPointExtension>
            <gpxtpx:atemp>21.7</gpxtpx:atemp>
            <gpxtpx:cad>0</gpxtpx:cad>
          </gpxtpx:TrackPointExtension>
          <gpxdata:distance>6.399</gpxdata:distance>
        </extensions>
      </trkpt>
      <trkpt lat="54.416007600" lon="12.660397400">
        <ele>16.000</ele>
        <time>2021-06-07T09:06:07Z</time>
        <extensions>
          <gpxtpx:TrackPointExtension>
            <gpxtpx:atemp>21.7</gpxtpx:atemp>
            <gpxtpx:cad>0</gpxtpx:cad>
          </gpxtpx:TrackPointExtension>
          <gpxdata:distance>6.613</gpxdata:distance>
        </extensions>
      </trkpt>
      <trkpt lat="54.416838600" lon="12.660073400">
        <ele>15.000</ele>
        <time>2021-06-07T09:06:21Z</time>
        <extensions>
          <gpxtpx:TrackPointExtension>
            <gpxtpx:atemp>21.7</gpxtpx:atemp>
            <gpxtpx:cad>0</gpxtpx:cad>
          </gpxtpx:TrackPointExtension>
          <gpxdata:distance>6.681</gpxdata:distance>
        </extensions>
      </trkpt>
      <trkpt lat="54.417152600" lon="12.660073400">
        <ele>15.000</ele>
        <time>2021-06-07T09:06:27Z</time>
        <extensions>
          <gpxtpx:TrackPointExtension>
            <gpxtpx:atemp>21.7</gpxtpx:atemp>
            <gpxtpx:cad>0</gpxtpx:cad>
          </gpxtpx:TrackPointExtension>
          <gpxdata:distance>5.413</gpxdata:distance>
        </extensions>
      </trkpt>
      <trkpt lat="54.417457600" lon="12.659815400">
        <ele>15.000</ele>
        <time>2021-06-07T09:06:35Z</time>
        <extensions>
          <gpxtpx:TrackPointExtension>
            <gpxtpx:atemp>21.7</gpxtpx:atemp>
            <gpxtpx:cad>0</gpxtpx:cad>
          </gpxtpx:TrackPointExtension>
          <gpxdata:distance>3.819</gpxdata:distance>
        </extensions>
      </trkpt>
      <trkpt lat="54.417617600" lon="12.659922400">
        <ele>15.000</ele>
        <time>2021-06-07T09:06:42Z</time>
        <extensions>
          <gpxtpx:TrackPointExtension>
            <gpxtpx:atemp>21.7</gpxtpx:atemp>
            <gpxtpx:cad>0</gpxtpx:cad>
          </gpxtpx:TrackPointExtension>
          <gpxdata:distance>3.231</gpxdata:distance>
        </extensions>
      </trkpt>
      <trkpt lat="54.418546300" lon="12.659944200">
        <ele>14.000</ele>
        <time>2021-06-07T09:07:01Z</time>
        <extensions>
          <gpxtpx:TrackPointExtension>
            <gpxtpx:atemp>21.7</gpxtpx:atemp>
            <gpxtpx:cad>0</gpxtpx:cad>
          </gpxtpx:TrackPointExtension>
          <gpxdata:distance>5.669</gpxdata:distance>
        </extensions>
      </trkpt>
      <trkpt lat="54.419246300" lon="12.660099200">
        <ele>14.000</ele>
        <time>2021-06-07T09:07:13Z</time>
        <extensions>
          <gpxtpx:TrackPointExtension>
            <gpxtpx:atemp>21.7</gpxtpx:atemp>
            <gpxtpx:cad>0</gpxtpx:cad>
          </gpxtpx:TrackPointExtension>
          <gpxdata:distance>6.855</gpxdata:distance>
        </extensions>
      </trkpt>
      <trkpt lat="54.420631300" lon="12.660776200">
        <ele>13.000</ele>
        <time>2021-06-07T09:07:37Z</time>
        <extensions>
          <gpxtpx:TrackPointExtension>
            <gpxtpx:atemp>21.6</gpxtpx:atemp>
            <gpxtpx:cad>0</gpxtpx:cad>
          </gpxtpx:TrackPointExtension>
          <gpxdata:distance>6.53</gpxdata:distance>
        </extensions>
      </trkpt>
      <trkpt lat="54.422803200" lon="12.662423400">
        <ele>13.000</ele>
        <time>2021-06-07T09:08:17Z</time>
        <extensions>
          <gpxtpx:TrackPointExtension>
            <gpxtpx:atemp>21.4</gpxtpx:atemp>
            <gpxtpx:cad>0</gpxtpx:cad>
          </gpxtpx:TrackPointExtension>
          <gpxdata:distance>6.797</gpxdata:distance>
        </extensions>
      </trkpt>
      <trkpt lat="54.423412200" lon="12.663002400">
        <ele>13.000</ele>
        <time>2021-06-07T09:08:29Z</time>
        <extensions>
          <gpxtpx:TrackPointExtension>
            <gpxtpx:atemp>21.4</gpxtpx:atemp>
            <gpxtpx:cad>0</gpxtpx:cad>
          </gpxtpx:TrackPointExtension>
          <gpxdata:distance>5.992</gpxdata:distance>
        </extensions>
      </trkpt>
      <trkpt lat="54.423954200" lon="12.663768400">
        <ele>13.000</ele>
        <time>2021-06-07T09:08:41Z</time>
        <extensions>
          <gpxtpx:TrackPointExtension>
            <gpxtpx:atemp>21.3</gpxtpx:atemp>
            <gpxtpx:cad>0</gpxtpx:cad>
          </gpxtpx:TrackPointExtension>
          <gpxdata:distance>6.635</gpxdata:distance>
        </extensions>
      </trkpt>
      <trkpt lat="54.426219400" lon="12.667594300">
        <ele>12.000</ele>
        <time>2021-06-07T09:09:35Z</time>
        <extensions>
          <gpxtpx:TrackPointExtension>
            <gpxtpx:atemp>21.1</gpxtpx:atemp>
            <gpxtpx:cad>0</gpxtpx:cad>
          </gpxtpx:TrackPointExtension>
          <gpxdata:distance>5.878</gpxdata:distance>
        </extensions>
      </trkpt>
      <trkpt lat="54.427405100" lon="12.669187200">
        <ele>12.000</ele>
        <time>2021-06-07T09:10:02Z</time>
        <extensions>
          <gpxtpx:TrackPointExtension>
            <gpxtpx:atemp>21.0</gpxtpx:atemp>
            <gpxtpx:cad>0</gpxtpx:cad>
          </gpxtpx:TrackPointExtension>
          <gpxdata:distance>5.829</gpxdata:distance>
        </extensions>
      </trkpt>
      <trkpt lat="54.427897000" lon="12.669638300">
        <ele>12.000</ele>
        <time>2021-06-07T09:11:12Z</time>
        <extensions>
          <gpxtpx:TrackPointExtension>
            <gpxtpx:atemp>20.8</gpxtpx:atemp>
            <gpxtpx:cad>0</gpxtpx:cad>
          </gpxtpx:TrackPointExtension>
          <gpxdata:distance>0.043</gpxdata:distance>
        </extensions>
      </trkpt>
      <trkpt lat="54.426980500" lon="12.670362500">
        <ele>12.000</ele>
        <time>2021-06-07T09:13:54Z</time>
        <extensions>
          <gpxtpx:TrackPointExtension>
            <gpxtpx:atemp>20.8</gpxtpx:atemp>
            <gpxtpx:cad>0</gpxtpx:cad>
          </gpxtpx:TrackPointExtension>
          <gpxdata:distance>5.527</gpxdata:distance>
        </extensions>
      </trkpt>
      <trkpt lat="54.425790900" lon="12.671717000">
        <ele>12.000</ele>
        <time>2021-06-07T09:14:22Z</time>
        <extensions>
          <gpxtpx:TrackPointExtension>
            <gpxtpx:atemp>20.9</gpxtpx:atemp>
            <gpxtpx:cad>0</gpxtpx:cad>
          </gpxtpx:TrackPointExtension>
          <gpxdata:distance>5.362</gpxdata:distance>
        </extensions>
      </trkpt>
      <trkpt lat="54.425604900" lon="12.672060000">
        <ele>12.000</ele>
        <time>2021-06-07T09:14:33Z</time>
        <extensions>
          <gpxtpx:TrackPointExtension>
            <gpxtpx:atemp>20.9</gpxtpx:atemp>
            <gpxtpx:cad>0</gpxtpx:cad>
          </gpxtpx:TrackPointExtension>
          <gpxdata:distance>2.352</gpxdata:distance>
        </extensions>
      </trkpt>
      <trkpt lat="54.425294900" lon="12.672246000">
        <ele>12.000</ele>
        <time>2021-06-07T09:14:46Z</time>
        <extensions>
          <gpxtpx:TrackPointExtension>
            <gpxtpx:atemp>21.0</gpxtpx:atemp>
            <gpxtpx:cad>0</gpxtpx:cad>
          </gpxtpx:TrackPointExtension>
          <gpxdata:distance>3.411</gpxdata:distance>
        </extensions>
      </trkpt>
      <trkpt lat="54.424702400" lon="12.672981800">
        <ele>12.000</ele>
        <time>2021-06-07T09:15:04Z</time>
        <extensions>
          <gpxtpx:TrackPointExtension>
            <gpxtpx:atemp>21.1</gpxtpx:atemp>
            <gpxtpx:cad>0</gpxtpx:cad>
          </gpxtpx:TrackPointExtension>
          <gpxdata:distance>4.39</gpxdata:distance>
        </extensions>
      </trkpt>
      <trkpt lat="54.426374600" lon="12.678432700">
        <ele>11.000</ele>
        <time>2021-06-07T09:16:13Z</time>
        <extensions>
          <gpxtpx:TrackPointExtension>
            <gpxtpx:atemp>21.4</gpxtpx:atemp>
            <gpxtpx:cad>0</gpxtpx:cad>
          </gpxtpx:TrackPointExtension>
          <gpxdata:distance>6.403</gpxdata:distance>
        </extensions>
      </trkpt>
      <trkpt lat="54.426759600" lon="12.680606700">
        <ele>10.000</ele>
        <time>2021-06-07T09:16:36Z</time>
        <extensions>
          <gpxtpx:TrackPointExtension>
            <gpxtpx:atemp>21.4</gpxtpx:atemp>
            <gpxtpx:cad>0</gpxtpx:cad>
          </gpxtpx:TrackPointExtension>
          <gpxdata:distance>6.329</gpxdata:distance>
        </extensions>
      </trkpt>
      <trkpt lat="54.428077100" lon="12.683631000">
        <ele>9.000</ele>
        <time>2021-06-07T09:17:14Z</time>
        <extensions>
          <gpxtpx:TrackPointExtension>
            <gpxtpx:atemp>21.4</gpxtpx:atemp>
            <gpxtpx:cad>0</gpxtpx:cad>
          </gpxtpx:TrackPointExtension>
          <gpxdata:distance>6.34</gpxdata:distance>
        </extensions>
      </trkpt>
      <trkpt lat="54.428533100" lon="12.684517000">
        <ele>9.000</ele>
        <time>2021-06-07T09:17:26Z</time>
        <extensions>
          <gpxtpx:TrackPointExtension>
            <gpxtpx:atemp>21.3</gpxtpx:atemp>
            <gpxtpx:cad>0</gpxtpx:cad>
          </gpxtpx:TrackPointExtension>
          <gpxdata:distance>6.361</gpxdata:distance>
        </extensions>
      </trkpt>
      <trkpt lat="54.429742100" lon="12.686321000">
        <ele>9.000</ele>
        <time>2021-06-07T09:17:56Z</time>
        <extensions>
          <gpxtpx:TrackPointExtension>
            <gpxtpx:atemp>21.2</gpxtpx:atemp>
            <gpxtpx:cad>0</gpxtpx:cad>
          </gpxtpx:TrackPointExtension>
          <gpxdata:distance>2.534</gpxdata:distance>
        </extensions>
      </trkpt>
      <trkpt lat="54.430760500" lon="12.686863100">
        <ele>7.000</ele>
        <time>2021-06-07T09:19:00Z</time>
        <extensions>
          <gpxtpx:TrackPointExtension>
            <gpxtpx:atemp>21.1</gpxtpx:atemp>
            <gpxtpx:cad>0</gpxtpx:cad>
          </gpxtpx:TrackPointExtension>
          <gpxdata:distance>4.951</gpxdata:distance>
        </extensions>
      </trkpt>
      <trkpt lat="54.430920500" lon="12.687128100">
        <ele>7.000</ele>
        <time>2021-06-07T09:19:05Z</time>
        <extensions>
          <gpxtpx:TrackPointExtension>
            <gpxtpx:atemp>21.1</gpxtpx:atemp>
            <gpxtpx:cad>0</gpxtpx:cad>
          </gpxtpx:TrackPointExtension>
          <gpxdata:distance>5.18</gpxdata:distance>
        </extensions>
      </trkpt>
      <trkpt lat="54.431102500" lon="12.688312100">
        <ele>7.000</ele>
        <time>2021-06-07T09:19:21Z</time>
        <extensions>
          <gpxtpx:TrackPointExtension>
            <gpxtpx:atemp>21.1</gpxtpx:atemp>
            <gpxtpx:cad>0</gpxtpx:cad>
          </gpxtpx:TrackPointExtension>
          <gpxdata:distance>4.122</gpxdata:distance>
        </extensions>
      </trkpt>
      <trkpt lat="54.431535500" lon="12.688962100">
        <ele>7.000</ele>
        <time>2021-06-07T09:19:43Z</time>
        <extensions>
          <gpxtpx:TrackPointExtension>
            <gpxtpx:atemp>21.1</gpxtpx:atemp>
            <gpxtpx:cad>0</gpxtpx:cad>
          </gpxtpx:TrackPointExtension>
          <gpxdata:distance>3.593</gpxdata:distance>
        </extensions>
      </trkpt>
      <trkpt lat="54.431604500" lon="12.689254100">
        <ele>7.000</ele>
        <time>2021-06-07T09:19:49Z</time>
        <extensions>
          <gpxtpx:TrackPointExtension>
            <gpxtpx:atemp>21.1</gpxtpx:atemp>
            <gpxtpx:cad>0</gpxtpx:cad>
          </gpxtpx:TrackPointExtension>
          <gpxdata:distance>3.936</gpxdata:distance>
        </extensions>
      </trkpt>
      <trkpt lat="54.431965600" lon="12.689540200">
        <ele>7.000</ele>
        <time>2021-06-07T09:20:08Z</time>
        <extensions>
          <gpxtpx:TrackPointExtension>
            <gpxtpx:atemp>21.1</gpxtpx:atemp>
            <gpxtpx:cad>0</gpxtpx:cad>
          </gpxtpx:TrackPointExtension>
          <gpxdata:distance>1.227</gpxdata:distance>
        </extensions>
      </trkpt>
      <trkpt lat="54.432171600" lon="12.689365200">
        <ele>6.000</ele>
        <time>2021-06-07T09:20:19Z</time>
        <extensions>
          <gpxtpx:TrackPointExtension>
            <gpxtpx:atemp>21.0</gpxtpx:atemp>
            <gpxtpx:cad>0</gpxtpx:cad>
          </gpxtpx:TrackPointExtension>
          <gpxdata:distance>2.854</gpxdata:distance>
        </extensions>
      </trkpt>
      <trkpt lat="54.432053600" lon="12.689612200">
        <ele>6.000</ele>
        <time>2021-06-07T09:20:28Z</time>
        <extensions>
          <gpxtpx:TrackPointExtension>
            <gpxtpx:atemp>21.0</gpxtpx:atemp>
            <gpxtpx:cad>0</gpxtpx:cad>
          </gpxtpx:TrackPointExtension>
          <gpxdata:distance>2.439</gpxdata:distance>
        </extensions>
      </trkpt>
      <trkpt lat="54.432458600" lon="12.690652200">
        <ele>6.000</ele>
        <time>2021-06-07T09:20:48Z</time>
        <extensions>
          <gpxtpx:TrackPointExtension>
            <gpxtpx:atemp>21.1</gpxtpx:atemp>
            <gpxtpx:cad>0</gpxtpx:cad>
          </gpxtpx:TrackPointExtension>
          <gpxdata:distance>4.019</gpxdata:distance>
        </extensions>
      </trkpt>
      <trkpt lat="54.432548800" lon="12.692134400">
        <ele>6.000</ele>
        <time>2021-06-07T09:21:10Z</time>
        <extensions>
          <gpxtpx:TrackPointExtension>
            <gpxtpx:atemp>21.1</gpxtpx:atemp>
            <gpxtpx:cad>0</gpxtpx:cad>
          </gpxtpx:TrackPointExtension>
          <gpxdata:distance>4.708</gpxdata:distance>
        </extensions>
      </trkpt>
      <trkpt lat="54.432528200" lon="12.697530300">
        <ele>5.000</ele>
        <time>2021-06-07T09:22:15Z</time>
        <extensions>
          <gpxtpx:TrackPointExtension>
            <gpxtpx:atemp>21.1</gpxtpx:atemp>
            <gpxtpx:cad>0</gpxtpx:cad>
          </gpxtpx:TrackPointExtension>
          <gpxdata:distance>5.785</gpxdata:distance>
        </extensions>
      </trkpt>
      <trkpt lat="54.432014800" lon="12.700719700">
        <ele>4.000</ele>
        <time>2021-06-07T09:23:30Z</time>
        <extensions>
          <gpxtpx:TrackPointExtension>
            <gpxtpx:atemp>21.1</gpxtpx:atemp>
            <gpxtpx:cad>0</gpxtpx:cad>
          </gpxtpx:TrackPointExtension>
          <gpxdata:distance>6.078</gpxdata:distance>
        </extensions>
      </trkpt>
      <trkpt lat="54.431126000" lon="12.704445500">
        <ele>4.000</ele>
        <time>2021-06-07T09:24:12Z</time>
        <extensions>
          <gpxtpx:TrackPointExtension>
            <gpxtpx:atemp>21.4</gpxtpx:atemp>
            <gpxtpx:cad>0</gpxtpx:cad>
          </gpxtpx:TrackPointExtension>
          <gpxdata:distance>5.8</gpxdata:distance>
        </extensions>
      </trkpt>
      <trkpt lat="54.430483000" lon="12.706308500">
        <ele>4.000</ele>
        <time>2021-06-07T09:24:35Z</time>
        <extensions>
          <gpxtpx:TrackPointExtension>
            <gpxtpx:atemp>21.5</gpxtpx:atemp>
            <gpxtpx:cad>0</gpxtpx:cad>
          </gpxtpx:TrackPointExtension>
          <gpxdata:distance>6.004</gpxdata:distance>
        </extensions>
      </trkpt>
      <trkpt lat="54.428924500" lon="12.709607100">
        <ele>3.000</ele>
        <time>2021-06-07T09:25:19Z</time>
        <extensions>
          <gpxtpx:TrackPointExtension>
            <gpxtpx:atemp>21.7</gpxtpx:atemp>
            <gpxtpx:cad>0</gpxtpx:cad>
          </gpxtpx:TrackPointExtension>
          <gpxdata:distance>6.566</gpxdata:distance>
        </extensions>
      </trkpt>
      <trkpt lat="54.428529500" lon="12.711126100">
        <ele>3.000</ele>
        <time>2021-06-07T09:25:35Z</time>
        <extensions>
          <gpxtpx:TrackPointExtension>
            <gpxtpx:atemp>21.7</gpxtpx:atemp>
            <gpxtpx:cad>0</gpxtpx:cad>
          </gpxtpx:TrackPointExtension>
          <gpxdata:distance>6.923</gpxdata:distance>
        </extensions>
      </trkpt>
      <trkpt lat="54.428459500" lon="12.711850100">
        <ele>3.000</ele>
        <time>2021-06-07T09:25:42Z</time>
        <extensions>
          <gpxtpx:TrackPointExtension>
            <gpxtpx:atemp>21.8</gpxtpx:atemp>
            <gpxtpx:cad>0</gpxtpx:cad>
          </gpxtpx:TrackPointExtension>
          <gpxdata:distance>6.888</gpxdata:distance>
        </extensions>
      </trkpt>
      <trkpt lat="54.428807500" lon="12.713489100">
        <ele>3.000</ele>
        <time>2021-06-07T09:25:59Z</time>
        <extensions>
          <gpxtpx:TrackPointExtension>
            <gpxtpx:atemp>21.8</gpxtpx:atemp>
            <gpxtpx:cad>0</gpxtpx:cad>
          </gpxtpx:TrackPointExtension>
          <gpxdata:distance>6.631</gpxdata:distance>
        </extensions>
      </trkpt>
      <trkpt lat="54.429253100" lon="12.714797800">
        <ele>3.000</ele>
        <time>2021-06-07T09:26:14Z</time>
        <extensions>
          <gpxtpx:TrackPointExtension>
            <gpxtpx:atemp>21.8</gpxtpx:atemp>
            <gpxtpx:cad>0</gpxtpx:cad>
          </gpxtpx:TrackPointExtension>
          <gpxdata:distance>6.62</gpxdata:distance>
        </extensions>
      </trkpt>
      <trkpt lat="54.429955100" lon="12.715876800">
        <ele>3.000</ele>
        <time>2021-06-07T09:26:30Z</time>
        <extensions>
          <gpxtpx:TrackPointExtension>
            <gpxtpx:atemp>21.7</gpxtpx:atemp>
            <gpxtpx:cad>0</gpxtpx:cad>
          </gpxtpx:TrackPointExtension>
          <gpxdata:distance>6.635</gpxdata:distance>
        </extensions>
      </trkpt>
      <trkpt lat="54.431080100" lon="12.717090800">
        <ele>3.000</ele>
        <time>2021-06-07T09:26:53Z</time>
        <extensions>
          <gpxtpx:TrackPointExtension>
            <gpxtpx:atemp>21.5</gpxtpx:atemp>
            <gpxtpx:cad>0</gpxtpx:cad>
          </gpxtpx:TrackPointExtension>
          <gpxdata:distance>6.507</gpxdata:distance>
        </extensions>
      </trkpt>
      <trkpt lat="54.432351400" lon="12.717736500">
        <ele>3.000</ele>
        <time>2021-06-07T09:27:17Z</time>
        <extensions>
          <gpxtpx:TrackPointExtension>
            <gpxtpx:atemp>21.4</gpxtpx:atemp>
            <gpxtpx:cad>0</gpxtpx:cad>
          </gpxtpx:TrackPointExtension>
          <gpxdata:distance>5.654</gpxdata:distance>
        </extensions>
      </trkpt>
      <trkpt lat="54.432575400" lon="12.718226500">
        <ele>2.000</ele>
        <time>2021-06-07T09:27:24Z</time>
        <extensions>
          <gpxtpx:TrackPointExtension>
            <gpxtpx:atemp>21.3</gpxtpx:atemp>
            <gpxtpx:cad>0</gpxtpx:cad>
          </gpxtpx:TrackPointExtension>
          <gpxdata:distance>6.031</gpxdata:distance>
        </extensions>
      </trkpt>
      <trkpt lat="54.432748400" lon="12.718914500">
        <ele>2.000</ele>
        <time>2021-06-07T09:27:32Z</time>
        <extensions>
          <gpxtpx:TrackPointExtension>
            <gpxtpx:atemp>21.2</gpxtpx:atemp>
            <gpxtpx:cad>0</gpxtpx:cad>
          </gpxtpx:TrackPointExtension>
          <gpxdata:distance>6.106</gpxdata:distance>
        </extensions>
      </trkpt>
      <trkpt lat="54.433328900" lon="12.724147900">
        <ele>2.000</ele>
        <time>2021-06-07T09:28:28Z</time>
        <extensions>
          <gpxtpx:TrackPointExtension>
            <gpxtpx:atemp>21.1</gpxtpx:atemp>
            <gpxtpx:cad>0</gpxtpx:cad>
          </gpxtpx:TrackPointExtension>
          <gpxdata:distance>6.454</gpxdata:distance>
        </extensions>
      </trkpt>
      <trkpt lat="54.433284900" lon="12.724837900">
        <ele>2.000</ele>
        <time>2021-06-07T09:28:35Z</time>
        <extensions>
          <gpxtpx:TrackPointExtension>
            <gpxtpx:atemp>21.0</gpxtpx:atemp>
            <gpxtpx:cad>0</gpxtpx:cad>
          </gpxtpx:TrackPointExtension>
          <gpxdata:distance>6.522</gpxdata:distance>
        </extensions>
      </trkpt>
      <trkpt lat="54.433158900" lon="12.725291900">
        <ele>2.000</ele>
        <time>2021-06-07T09:28:40Z</time>
        <extensions>
          <gpxtpx:TrackPointExtension>
            <gpxtpx:atemp>21.0</gpxtpx:atemp>
            <gpxtpx:cad>0</gpxtpx:cad>
          </gpxtpx:TrackPointExtension>
          <gpxdata:distance>6.562</gpxdata:distance>
        </extensions>
      </trkpt>
      <trkpt lat="54.432795900" lon="12.725824900">
        <ele>2.000</ele>
        <time>2021-06-07T09:28:48Z</time>
        <extensions>
          <gpxtpx:TrackPointExtension>
            <gpxtpx:atemp>21.0</gpxtpx:atemp>
            <gpxtpx:cad>0</gpxtpx:cad>
          </gpxtpx:TrackPointExtension>
          <gpxdata:distance>6.733</gpxdata:distance>
        </extensions>
      </trkpt>
      <trkpt lat="54.424846600" lon="12.729589100">
        <ele>2.000</ele>
        <time>2021-06-07T09:30:55Z</time>
        <extensions>
          <gpxtpx:TrackPointExtension>
            <gpxtpx:atemp>21.1</gpxtpx:atemp>
            <gpxtpx:cad>0</gpxtpx:cad>
          </gpxtpx:TrackPointExtension>
          <gpxdata:distance>6.855</gpxdata:distance>
        </extensions>
      </trkpt>
      <trkpt lat="54.424237400" lon="12.730345100">
        <ele>2.000</ele>
        <time>2021-06-07T09:31:17Z</time>
        <extensions>
          <gpxtpx:TrackPointExtension>
            <gpxtpx:atemp>21.2</gpxtpx:atemp>
            <gpxtpx:cad>0</gpxtpx:cad>
          </gpxtpx:TrackPointExtension>
          <gpxdata:distance>0.251</gpxdata:distance>
        </extensions>
      </trkpt>
      <trkpt lat="54.424206400" lon="12.729914000">
        <ele>2.000</ele>
        <time>2021-06-07T09:32:43Z</time>
        <extensions>
          <gpxtpx:TrackPointExtension>
            <gpxtpx:atemp>21.6</gpxtpx:atemp>
            <gpxtpx:cad>0</gpxtpx:cad>
          </gpxtpx:TrackPointExtension>
          <gpxdata:distance>5.458</gpxdata:distance>
        </extensions>
      </trkpt>
      <trkpt lat="54.423981600" lon="12.729218500">
        <ele>1.000</ele>
        <time>2021-06-07T09:33:05Z</time>
        <extensions>
          <gpxtpx:TrackPointExtension>
            <gpxtpx:atemp>21.7</gpxtpx:atemp>
            <gpxtpx:cad>0</gpxtpx:cad>
          </gpxtpx:TrackPointExtension>
          <gpxdata:distance>0.334</gpxdata:distance>
        </extensions>
      </trkpt>
      <trkpt lat="54.424086900" lon="12.729550200">
        <ele>1.000</ele>
        <time>2021-06-07T09:36:55Z</time>
        <extensions>
          <gpxtpx:TrackPointExtension>
            <gpxtpx:atemp>24.7</gpxtpx:atemp>
            <gpxtpx:cad>0</gpxtpx:cad>
          </gpxtpx:TrackPointExtension>
          <gpxdata:distance>3.159</gpxdata:distance>
        </extensions>
      </trkpt>
      <trkpt lat="54.424077300" lon="12.729854300">
        <ele>1.000</ele>
        <time>2021-06-07T09:37:01Z</time>
        <extensions>
          <gpxtpx:TrackPointExtension>
            <gpxtpx:atemp>24.8</gpxtpx:atemp>
            <gpxtpx:cad>0</gpxtpx:cad>
          </gpxtpx:TrackPointExtension>
          <gpxdata:distance>3.424</gpxdata:distance>
        </extensions>
      </trkpt>
      <trkpt lat="54.424268300" lon="12.730359300">
        <ele>1.000</ele>
        <time>2021-06-07T09:37:14Z</time>
        <extensions>
          <gpxtpx:TrackPointExtension>
            <gpxtpx:atemp>24.9</gpxtpx:atemp>
            <gpxtpx:cad>0</gpxtpx:cad>
          </gpxtpx:TrackPointExtension>
          <gpxdata:distance>2.521</gpxdata:distance>
        </extensions>
      </trkpt>
      <trkpt lat="54.421396800" lon="12.734173300">
        <ele>1.000</ele>
        <time>2021-06-07T09:38:14Z</time>
        <extensions>
          <gpxtpx:TrackPointExtension>
            <gpxtpx:atemp>24.9</gpxtpx:atemp>
            <gpxtpx:cad>0</gpxtpx:cad>
          </gpxtpx:TrackPointExtension>
          <gpxdata:distance>7.233</gpxdata:distance>
        </extensions>
      </trkpt>
      <trkpt lat="54.420152800" lon="12.734994300">
        <ele>1.000</ele>
        <time>2021-06-07T09:38:34Z</time>
        <extensions>
          <gpxtpx:TrackPointExtension>
            <gpxtpx:atemp>24.8</gpxtpx:atemp>
            <gpxtpx:cad>0</gpxtpx:cad>
          </gpxtpx:TrackPointExtension>
          <gpxdata:distance>7.352</gpxdata:distance>
        </extensions>
      </trkpt>
      <trkpt lat="54.418988800" lon="12.735373300">
        <ele>1.000</ele>
        <time>2021-06-07T09:38:52Z</time>
        <extensions>
          <gpxtpx:TrackPointExtension>
            <gpxtpx:atemp>24.7</gpxtpx:atemp>
            <gpxtpx:cad>0</gpxtpx:cad>
          </gpxtpx:TrackPointExtension>
          <gpxdata:distance>7.279</gpxdata:distance>
        </extensions>
      </trkpt>
      <trkpt lat="54.418385800" lon="12.735754300">
        <ele>1.000</ele>
        <time>2021-06-07T09:39:02Z</time>
        <extensions>
          <gpxtpx:TrackPointExtension>
            <gpxtpx:atemp>24.6</gpxtpx:atemp>
            <gpxtpx:cad>0</gpxtpx:cad>
          </gpxtpx:TrackPointExtension>
          <gpxdata:distance>7.168</gpxdata:distance>
        </extensions>
      </trkpt>
      <trkpt lat="54.415820200" lon="12.740248400">
        <ele>0.000</ele>
        <time>2021-06-07T09:40:00Z</time>
        <extensions>
          <gpxtpx:TrackPointExtension>
            <gpxtpx:atemp>24.4</gpxtpx:atemp>
            <gpxtpx:cad>0</gpxtpx:cad>
          </gpxtpx:TrackPointExtension>
          <gpxdata:distance>7.018</gpxdata:distance>
        </extensions>
      </trkpt>
      <trkpt lat="54.415771200" lon="12.740451400">
        <ele>0.000</ele>
        <time>2021-06-07T09:40:02Z</time>
        <extensions>
          <gpxtpx:TrackPointExtension>
            <gpxtpx:atemp>24.3</gpxtpx:atemp>
            <gpxtpx:cad>0</gpxtpx:cad>
          </gpxtpx:TrackPointExtension>
          <gpxdata:distance>7.232</gpxdata:distance>
        </extensions>
      </trkpt>
      <trkpt lat="54.415713000" lon="12.749106700">
        <ele>0.000</ele>
        <time>2021-06-07T09:41:22Z</time>
        <extensions>
          <gpxtpx:TrackPointExtension>
            <gpxtpx:atemp>23.7</gpxtpx:atemp>
            <gpxtpx:cad>0</gpxtpx:cad>
          </gpxtpx:TrackPointExtension>
          <gpxdata:distance>7.082</gpxdata:distance>
        </extensions>
      </trkpt>
      <trkpt lat="54.414367300" lon="12.759343000">
        <ele>0.000</ele>
        <time>2021-06-07T09:43:01Z</time>
        <extensions>
          <gpxtpx:TrackPointExtension>
            <gpxtpx:atemp>23.1</gpxtpx:atemp>
            <gpxtpx:cad>0</gpxtpx:cad>
          </gpxtpx:TrackPointExtension>
          <gpxdata:distance>7.249</gpxdata:distance>
        </extensions>
      </trkpt>
      <trkpt lat="54.414446300" lon="12.759748000">
        <ele>0.000</ele>
        <time>2021-06-07T09:43:05Z</time>
        <extensions>
          <gpxtpx:TrackPointExtension>
            <gpxtpx:atemp>23.1</gpxtpx:atemp>
            <gpxtpx:cad>0</gpxtpx:cad>
          </gpxtpx:TrackPointExtension>
          <gpxdata:distance>7.15</gpxdata:distance>
        </extensions>
      </trkpt>
      <trkpt lat="54.416551300" lon="12.763340000">
        <ele>0.000</ele>
        <time>2021-06-07T09:43:54Z</time>
        <extensions>
          <gpxtpx:TrackPointExtension>
            <gpxtpx:atemp>22.9</gpxtpx:atemp>
            <gpxtpx:cad>0</gpxtpx:cad>
          </gpxtpx:TrackPointExtension>
          <gpxdata:distance>6.352</gpxdata:distance>
        </extensions>
      </trkpt>
      <trkpt lat="54.416668300" lon="12.763687000">
        <ele>0.000</ele>
        <time>2021-06-07T09:43:58Z</time>
        <extensions>
          <gpxtpx:TrackPointExtension>
            <gpxtpx:atemp>22.9</gpxtpx:atemp>
            <gpxtpx:cad>0</gpxtpx:cad>
          </gpxtpx:TrackPointExtension>
          <gpxdata:distance>6.678</gpxdata:distance>
        </extensions>
      </trkpt>
      <trkpt lat="54.418030800" lon="12.771262800">
        <ele>0.000</ele>
        <time>2021-06-07T09:45:18Z</time>
        <extensions>
          <gpxtpx:TrackPointExtension>
            <gpxtpx:atemp>22.5</gpxtpx:atemp>
            <gpxtpx:cad>0</gpxtpx:cad>
          </gpxtpx:TrackPointExtension>
          <gpxdata:distance>6.699</gpxdata:distance>
        </extensions>
      </trkpt>
      <trkpt lat="54.418657700" lon="12.776592600">
        <ele>0.000</ele>
        <time>2021-06-07T09:46:10Z</time>
        <extensions>
          <gpxtpx:TrackPointExtension>
            <gpxtpx:atemp>22.2</gpxtpx:atemp>
            <gpxtpx:cad>0</gpxtpx:cad>
          </gpxtpx:TrackPointExtension>
          <gpxdata:distance>6.926</gpxdata:distance>
        </extensions>
      </trkpt>
      <trkpt lat="54.418649700" lon="12.776918600">
        <ele>0.000</ele>
        <time>2021-06-07T09:46:13Z</time>
        <extensions>
          <gpxtpx:TrackPointExtension>
            <gpxtpx:atemp>22.2</gpxtpx:atemp>
            <gpxtpx:cad>0</gpxtpx:cad>
          </gpxtpx:TrackPointExtension>
          <gpxdata:distance>7.003</gpxdata:distance>
        </extensions>
      </trkpt>
      <trkpt lat="54.418516700" lon="12.777400600">
        <ele>0.000</ele>
        <time>2021-06-07T09:46:18Z</time>
        <extensions>
          <gpxtpx:TrackPointExtension>
            <gpxtpx:atemp>22.2</gpxtpx:atemp>
            <gpxtpx:cad>0</gpxtpx:cad>
          </gpxtpx:TrackPointExtension>
          <gpxdata:distance>6.969</gpxdata:distance>
        </extensions>
      </trkpt>
      <trkpt lat="54.418075700" lon="12.778156600">
        <ele>0.000</ele>
        <time>2021-06-07T09:46:28Z</time>
        <extensions>
          <gpxtpx:TrackPointExtension>
            <gpxtpx:atemp>22.2</gpxtpx:atemp>
            <gpxtpx:cad>0</gpxtpx:cad>
          </gpxtpx:TrackPointExtension>
          <gpxdata:distance>6.939</gpxdata:distance>
        </extensions>
      </trkpt>
      <trkpt lat="54.418008700" lon="12.778642600">
        <ele>0.000</ele>
        <time>2021-06-07T09:46:33Z</time>
        <extensions>
          <gpxtpx:TrackPointExtension>
            <gpxtpx:atemp>22.2</gpxtpx:atemp>
            <gpxtpx:cad>0</gpxtpx:cad>
          </gpxtpx:TrackPointExtension>
          <gpxdata:distance>6.345</gpxdata:distance>
        </extensions>
      </trkpt>
      <trkpt lat="54.418365700" lon="12.779904600">
        <ele>0.000</ele>
        <time>2021-06-07T09:46:47Z</time>
        <extensions>
          <gpxtpx:TrackPointExtension>
            <gpxtpx:atemp>22.2</gpxtpx:atemp>
            <gpxtpx:cad>0</gpxtpx:cad>
          </gpxtpx:TrackPointExtension>
          <gpxdata:distance>6.016</gpxdata:distance>
        </extensions>
      </trkpt>
      <trkpt lat="54.418407700" lon="12.780553600">
        <ele>0.000</ele>
        <time>2021-06-07T09:46:56Z</time>
        <extensions>
          <gpxtpx:TrackPointExtension>
            <gpxtpx:atemp>22.2</gpxtpx:atemp>
            <gpxtpx:cad>0</gpxtpx:cad>
          </gpxtpx:TrackPointExtension>
          <gpxdata:distance>2.672</gpxdata:distance>
        </extensions>
      </trkpt>
      <trkpt lat="54.417901400" lon="12.788296700">
        <ele>0.000</ele>
        <time>2021-06-07T09:48:28Z</time>
        <extensions>
          <gpxtpx:TrackPointExtension>
            <gpxtpx:atemp>22.1</gpxtpx:atemp>
            <gpxtpx:cad>0</gpxtpx:cad>
          </gpxtpx:TrackPointExtension>
          <gpxdata:distance>7.025</gpxdata:distance>
        </extensions>
      </trkpt>
      <trkpt lat="54.417544400" lon="12.791021700">
        <ele>0.000</ele>
        <time>2021-06-07T09:48:54Z</time>
        <extensions>
          <gpxtpx:TrackPointExtension>
            <gpxtpx:atemp>22.0</gpxtpx:atemp>
            <gpxtpx:cad>0</gpxtpx:cad>
          </gpxtpx:TrackPointExtension>
          <gpxdata:distance>7.105</gpxdata:distance>
        </extensions>
      </trkpt>
      <trkpt lat="54.417251000" lon="12.792122200">
        <ele>0.000</ele>
        <time>2021-06-07T09:49:05Z</time>
        <extensions>
          <gpxtpx:TrackPointExtension>
            <gpxtpx:atemp>22.0</gpxtpx:atemp>
            <gpxtpx:cad>0</gpxtpx:cad>
          </gpxtpx:TrackPointExtension>
          <gpxdata:distance>7.182</gpxdata:distance>
        </extensions>
      </trkpt>
      <trkpt lat="54.416687000" lon="12.793395200">
        <ele>0.000</ele>
        <time>2021-06-07T09:49:20Z</time>
        <extensions>
          <gpxtpx:TrackPointExtension>
            <gpxtpx:atemp>22.0</gpxtpx:atemp>
            <gpxtpx:cad>0</gpxtpx:cad>
          </gpxtpx:TrackPointExtension>
          <gpxdata:distance>6.76</gpxdata:distance>
        </extensions>
      </trkpt>
      <trkpt lat="54.416645000" lon="12.793798200">
        <ele>0.000</ele>
        <time>2021-06-07T09:49:24Z</time>
        <extensions>
          <gpxtpx:TrackPointExtension>
            <gpxtpx:atemp>22.0</gpxtpx:atemp>
            <gpxtpx:cad>0</gpxtpx:cad>
          </gpxtpx:TrackPointExtension>
          <gpxdata:distance>6.617</gpxdata:distance>
        </extensions>
      </trkpt>
      <trkpt lat="54.416740000" lon="12.794390200">
        <ele>0.000</ele>
        <time>2021-06-07T09:49:30Z</time>
        <extensions>
          <gpxtpx:TrackPointExtension>
            <gpxtpx:atemp>22.0</gpxtpx:atemp>
            <gpxtpx:cad>0</gpxtpx:cad>
          </gpxtpx:TrackPointExtension>
          <gpxdata:distance>6.701</gpxdata:distance>
        </extensions>
      </trkpt>
      <trkpt lat="54.419572700" lon="12.798680800">
        <ele>0.000</ele>
        <time>2021-06-07T09:50:37Z</time>
        <extensions>
          <gpxtpx:TrackPointExtension>
            <gpxtpx:atemp>21.7</gpxtpx:atemp>
            <gpxtpx:cad>0</gpxtpx:cad>
          </gpxtpx:TrackPointExtension>
          <gpxdata:distance>6.781</gpxdata:distance>
        </extensions>
      </trkpt>
      <trkpt lat="54.419926700" lon="12.799054800">
        <ele>0.000</ele>
        <time>2021-06-07T09:50:44Z</time>
        <extensions>
          <gpxtpx:TrackPointExtension>
            <gpxtpx:atemp>21.7</gpxtpx:atemp>
            <gpxtpx:cad>0</gpxtpx:cad>
          </gpxtpx:TrackPointExtension>
          <gpxdata:distance>6.523</gpxdata:distance>
        </extensions>
      </trkpt>
      <trkpt lat="54.420386700" lon="12.799183800">
        <ele>0.000</ele>
        <time>2021-06-07T09:50:52Z</time>
        <extensions>
          <gpxtpx:TrackPointExtension>
            <gpxtpx:atemp>21.6</gpxtpx:atemp>
            <gpxtpx:cad>0</gpxtpx:cad>
          </gpxtpx:TrackPointExtension>
          <gpxdata:distance>6.57</gpxdata:distance>
        </extensions>
      </trkpt>
      <trkpt lat="54.422853200" lon="12.798632700">
        <ele>0.000</ele>
        <time>2021-06-07T09:51:34Z</time>
        <extensions>
          <gpxtpx:TrackPointExtension>
            <gpxtpx:atemp>21.5</gpxtpx:atemp>
            <gpxtpx:cad>0</gpxtpx:cad>
          </gpxtpx:TrackPointExtension>
          <gpxdata:distance>6.605</gpxdata:distance>
        </extensions>
      </trkpt>
      <trkpt lat="54.423314200" lon="12.798665700">
        <ele>0.000</ele>
        <time>2021-06-07T09:51:42Z</time>
        <extensions>
          <gpxtpx:TrackPointExtension>
            <gpxtpx:atemp>21.5</gpxtpx:atemp>
            <gpxtpx:cad>0</gpxtpx:cad>
          </gpxtpx:TrackPointExtension>
          <gpxdata:distance>5.955</gpxdata:distance>
        </extensions>
      </trkpt>
      <trkpt lat="54.423906200" lon="12.799068700">
        <ele>0.000</ele>
        <time>2021-06-07T09:51:54Z</time>
        <extensions>
          <gpxtpx:TrackPointExtension>
            <gpxtpx:atemp>21.4</gpxtpx:atemp>
            <gpxtpx:cad>0</gpxtpx:cad>
          </gpxtpx:TrackPointExtension>
          <gpxdata:distance>6.543</gpxdata:distance>
        </extensions>
      </trkpt>
      <trkpt lat="54.427080800" lon="12.803117500">
        <ele>0.000</ele>
        <time>2021-06-07T09:53:02Z</time>
        <extensions>
          <gpxtpx:TrackPointExtension>
            <gpxtpx:atemp>21.0</gpxtpx:atemp>
            <gpxtpx:cad>0</gpxtpx:cad>
          </gpxtpx:TrackPointExtension>
          <gpxdata:distance>6.428</gpxdata:distance>
        </extensions>
      </trkpt>
      <trkpt lat="54.432835600" lon="12.808191500">
        <ele>0.000</ele>
        <time>2021-06-07T09:55:50Z</time>
        <extensions>
          <gpxtpx:TrackPointExtension>
            <gpxtpx:atemp>20.5</gpxtpx:atemp>
            <gpxtpx:cad>0</gpxtpx:cad>
          </gpxtpx:TrackPointExtension>
          <gpxdata:distance>4.965</gpxdata:distance>
        </extensions>
      </trkpt>
      <trkpt lat="54.432963700" lon="12.808455300">
        <ele>0.000</ele>
        <time>2021-06-07T09:56:05Z</time>
        <extensions>
          <gpxtpx:TrackPointExtension>
            <gpxtpx:atemp>20.5</gpxtpx:atemp>
            <gpxtpx:cad>0</gpxtpx:cad>
          </gpxtpx:TrackPointExtension>
          <gpxdata:distance>0.273</gpxdata:distance>
        </extensions>
      </trkpt>
      <trkpt lat="54.432923000" lon="12.808304700">
        <ele>0.000</ele>
        <time>2021-06-07T09:57:46Z</time>
        <extensions>
          <gpxtpx:TrackPointExtension>
            <gpxtpx:atemp>20.7</gpxtpx:atemp>
            <gpxtpx:cad>0</gpxtpx:cad>
          </gpxtpx:TrackPointExtension>
          <gpxdata:distance>10.771</gpxdata:distance>
        </extensions>
      </trkpt>
      <trkpt lat="54.432982100" lon="12.806817800">
        <ele>0.000</ele>
        <time>2021-06-07T09:58:13Z</time>
        <extensions>
          <gpxtpx:TrackPointExtension>
            <gpxtpx:atemp>20.8</gpxtpx:atemp>
            <gpxtpx:cad>0</gpxtpx:cad>
          </gpxtpx:TrackPointExtension>
          <gpxdata:distance>0.52</gpxdata:distance>
        </extensions>
      </trkpt>
      <trkpt lat="54.432340600" lon="12.804615000">
        <ele>-1.000</ele>
        <time>2021-06-07T10:21:18Z</time>
        <extensions>
          <gpxtpx:TrackPointExtension>
            <gpxtpx:atemp>25.8</gpxtpx:atemp>
            <gpxtpx:cad>0</gpxtpx:cad>
          </gpxtpx:TrackPointExtension>
          <gpxdata:distance>5.469</gpxdata:distance>
        </extensions>
      </trkpt>
      <trkpt lat="54.431684600" lon="12.803373000">
        <ele>-1.000</ele>
        <time>2021-06-07T10:21:38Z</time>
        <extensions>
          <gpxtpx:TrackPointExtension>
            <gpxtpx:atemp>25.8</gpxtpx:atemp>
            <gpxtpx:cad>0</gpxtpx:cad>
          </gpxtpx:TrackPointExtension>
          <gpxdata:distance>3.637</gpxdata:distance>
        </extensions>
      </trkpt>
      <trkpt lat="54.431098600" lon="12.802811000">
        <ele>-1.000</ele>
        <time>2021-06-07T10:22:02Z</time>
        <extensions>
          <gpxtpx:TrackPointExtension>
            <gpxtpx:atemp>25.6</gpxtpx:atemp>
            <gpxtpx:cad>0</gpxtpx:cad>
          </gpxtpx:TrackPointExtension>
          <gpxdata:distance>4.58</gpxdata:distance>
        </extensions>
      </trkpt>
      <trkpt lat="54.429437600" lon="12.801948000">
        <ele>-1.000</ele>
        <time>2021-06-07T10:22:37Z</time>
        <extensions>
          <gpxtpx:TrackPointExtension>
            <gpxtpx:atemp>25.3</gpxtpx:atemp>
            <gpxtpx:cad>0</gpxtpx:cad>
          </gpxtpx:TrackPointExtension>
          <gpxdata:distance>6.447</gpxdata:distance>
        </extensions>
      </trkpt>
      <trkpt lat="54.428894600" lon="12.801557000">
        <ele>-1.000</ele>
        <time>2021-06-07T10:22:47Z</time>
        <extensions>
          <gpxtpx:TrackPointExtension>
            <gpxtpx:atemp>25.2</gpxtpx:atemp>
            <gpxtpx:cad>0</gpxtpx:cad>
          </gpxtpx:TrackPointExtension>
          <gpxdata:distance>6.604</gpxdata:distance>
        </extensions>
      </trkpt>
      <trkpt lat="54.427847800" lon="12.800148700">
        <ele>-1.000</ele>
        <time>2021-06-07T10:23:09Z</time>
        <extensions>
          <gpxtpx:TrackPointExtension>
            <gpxtpx:atemp>25.0</gpxtpx:atemp>
            <gpxtpx:cad>0</gpxtpx:cad>
          </gpxtpx:TrackPointExtension>
          <gpxdata:distance>6.664</gpxdata:distance>
        </extensions>
      </trkpt>
      <trkpt lat="54.423876800" lon="12.796377600">
        <ele>-1.000</ele>
        <time>2021-06-07T10:24:23Z</time>
        <extensions>
          <gpxtpx:TrackPointExtension>
            <gpxtpx:atemp>24.1</gpxtpx:atemp>
            <gpxtpx:cad>0</gpxtpx:cad>
          </gpxtpx:TrackPointExtension>
          <gpxdata:distance>6.865</gpxdata:distance>
        </extensions>
      </trkpt>
      <trkpt lat="54.423685800" lon="12.796098600">
        <ele>-1.000</ele>
        <time>2021-06-07T10:24:27Z</time>
        <extensions>
          <gpxtpx:TrackPointExtension>
            <gpxtpx:atemp>24.1</gpxtpx:atemp>
            <gpxtpx:cad>0</gpxtpx:cad>
          </gpxtpx:TrackPointExtension>
          <gpxdata:distance>6.98</gpxdata:distance>
        </extensions>
      </trkpt>
      <trkpt lat="54.421414000" lon="12.788458400">
        <ele>-1.000</ele>
        <time>2021-06-07T10:25:48Z</time>
        <extensions>
          <gpxtpx:TrackPointExtension>
            <gpxtpx:atemp>23.5</gpxtpx:atemp>
            <gpxtpx:cad>0</gpxtpx:cad>
          </gpxtpx:TrackPointExtension>
          <gpxdata:distance>7.01</gpxdata:distance>
        </extensions>
      </trkpt>
      <trkpt lat="54.421116000" lon="12.787669400">
        <ele>-1.000</ele>
        <time>2021-06-07T10:25:57Z</time>
        <extensions>
          <gpxtpx:TrackPointExtension>
            <gpxtpx:atemp>23.5</gpxtpx:atemp>
            <gpxtpx:cad>0</gpxtpx:cad>
          </gpxtpx:TrackPointExtension>
          <gpxdata:distance>6.885</gpxdata:distance>
        </extensions>
      </trkpt>
      <trkpt lat="54.420432100" lon="12.786255700">
        <ele>-1.000</ele>
        <time>2021-06-07T10:26:14Z</time>
        <extensions>
          <gpxtpx:TrackPointExtension>
            <gpxtpx:atemp>23.4</gpxtpx:atemp>
            <gpxtpx:cad>0</gpxtpx:cad>
          </gpxtpx:TrackPointExtension>
          <gpxdata:distance>7.09</gpxdata:distance>
        </extensions>
      </trkpt>
      <trkpt lat="54.419906100" lon="12.784944700">
        <ele>-1.000</ele>
        <time>2021-06-07T10:26:29Z</time>
        <extensions>
          <gpxtpx:TrackPointExtension>
            <gpxtpx:atemp>23.3</gpxtpx:atemp>
            <gpxtpx:cad>0</gpxtpx:cad>
          </gpxtpx:TrackPointExtension>
          <gpxdata:distance>6.76</gpxdata:distance>
        </extensions>
      </trkpt>
      <trkpt lat="54.419647100" lon="12.784003700">
        <ele>-1.000</ele>
        <time>2021-06-07T10:26:39Z</time>
        <extensions>
          <gpxtpx:TrackPointExtension>
            <gpxtpx:atemp>23.2</gpxtpx:atemp>
            <gpxtpx:cad>0</gpxtpx:cad>
          </gpxtpx:TrackPointExtension>
          <gpxdata:distance>6.678</gpxdata:distance>
        </extensions>
      </trkpt>
      <trkpt lat="54.419060100" lon="12.780158900">
        <ele>-2.000</ele>
        <time>2021-06-07T10:27:17Z</time>
        <extensions>
          <gpxtpx:TrackPointExtension>
            <gpxtpx:atemp>23.1</gpxtpx:atemp>
            <gpxtpx:cad>0</gpxtpx:cad>
          </gpxtpx:TrackPointExtension>
          <gpxdata:distance>6.861</gpxdata:distance>
        </extensions>
      </trkpt>
      <trkpt lat="54.417919800" lon="12.764476100">
        <ele>-2.000</ele>
        <time>2021-06-07T10:29:49Z</time>
        <extensions>
          <gpxtpx:TrackPointExtension>
            <gpxtpx:atemp>23.2</gpxtpx:atemp>
            <gpxtpx:cad>0</gpxtpx:cad>
          </gpxtpx:TrackPointExtension>
          <gpxdata:distance>5.848</gpxdata:distance>
        </extensions>
      </trkpt>
      <trkpt lat="54.418079900" lon="12.757432200">
        <ele>-2.000</ele>
        <time>2021-06-07T10:30:57Z</time>
        <extensions>
          <gpxtpx:TrackPointExtension>
            <gpxtpx:atemp>23.1</gpxtpx:atemp>
            <gpxtpx:cad>0</gpxtpx:cad>
          </gpxtpx:TrackPointExtension>
          <gpxdata:distance>6.658</gpxdata:distance>
        </extensions>
      </trkpt>
      <trkpt lat="54.418283300" lon="12.752515900">
        <ele>-2.000</ele>
        <time>2021-06-07T10:31:43Z</time>
        <extensions>
          <gpxtpx:TrackPointExtension>
            <gpxtpx:atemp>22.9</gpxtpx:atemp>
            <gpxtpx:cad>0</gpxtpx:cad>
          </gpxtpx:TrackPointExtension>
          <gpxdata:distance>5.912</gpxdata:distance>
        </extensions>
      </trkpt>
      <trkpt lat="54.418630700" lon="12.751036600">
        <ele>-2.000</ele>
        <time>2021-06-07T10:32:09Z</time>
        <extensions>
          <gpxtpx:TrackPointExtension>
            <gpxtpx:atemp>22.9</gpxtpx:atemp>
            <gpxtpx:cad>0</gpxtpx:cad>
          </gpxtpx:TrackPointExtension>
          <gpxdata:distance>2.91</gpxdata:distance>
        </extensions>
      </trkpt>
      <trkpt lat="54.419365700" lon="12.748534600">
        <ele>-2.000</ele>
        <time>2021-06-07T10:32:39Z</time>
        <extensions>
          <gpxtpx:TrackPointExtension>
            <gpxtpx:atemp>22.9</gpxtpx:atemp>
            <gpxtpx:cad>0</gpxtpx:cad>
          </gpxtpx:TrackPointExtension>
          <gpxdata:distance>6.797</gpxdata:distance>
        </extensions>
      </trkpt>
      <trkpt lat="54.420178600" lon="12.746357700">
        <ele>-2.000</ele>
        <time>2021-06-07T10:33:04Z</time>
        <extensions>
          <gpxtpx:TrackPointExtension>
            <gpxtpx:atemp>23.0</gpxtpx:atemp>
            <gpxtpx:cad>0</gpxtpx:cad>
          </gpxtpx:TrackPointExtension>
          <gpxdata:distance>6.604</gpxdata:distance>
        </extensions>
      </trkpt>
      <trkpt lat="54.426261500" lon="12.739700000">
        <ele>-2.000</ele>
        <time>2021-06-07T10:35:07Z</time>
        <extensions>
          <gpxtpx:TrackPointExtension>
            <gpxtpx:atemp>23.0</gpxtpx:atemp>
            <gpxtpx:cad>0</gpxtpx:cad>
          </gpxtpx:TrackPointExtension>
          <gpxdata:distance>2.99</gpxdata:distance>
        </extensions>
      </trkpt>
      <trkpt lat="54.424256100" lon="12.730296300">
        <ele>-2.000</ele>
        <time>2021-06-07T10:37:59Z</time>
        <extensions>
          <gpxtpx:TrackPointExtension>
            <gpxtpx:atemp>22.9</gpxtpx:atemp>
            <gpxtpx:cad>0</gpxtpx:cad>
          </gpxtpx:TrackPointExtension>
          <gpxdata:distance>3.635</gpxdata:distance>
        </extensions>
      </trkpt>
      <trkpt lat="54.424892300" lon="12.729526800">
        <ele>-2.000</ele>
        <time>2021-06-07T10:38:16Z</time>
        <extensions>
          <gpxtpx:TrackPointExtension>
            <gpxtpx:atemp>22.8</gpxtpx:atemp>
            <gpxtpx:cad>0</gpxtpx:cad>
          </gpxtpx:TrackPointExtension>
          <gpxdata:distance>6.041</gpxdata:distance>
        </extensions>
      </trkpt>
      <trkpt lat="54.425587300" lon="12.729272800">
        <ele>-2.000</ele>
        <time>2021-06-07T10:38:29Z</time>
        <extensions>
          <gpxtpx:TrackPointExtension>
            <gpxtpx:atemp>22.8</gpxtpx:atemp>
            <gpxtpx:cad>0</gpxtpx:cad>
          </gpxtpx:TrackPointExtension>
          <gpxdata:distance>6.18</gpxdata:distance>
        </extensions>
      </trkpt>
      <trkpt lat="54.432843700" lon="12.725714700">
        <ele>-2.000</ele>
        <time>2021-06-07T10:40:41Z</time>
        <extensions>
          <gpxtpx:TrackPointExtension>
            <gpxtpx:atemp>21.8</gpxtpx:atemp>
            <gpxtpx:cad>0</gpxtpx:cad>
          </gpxtpx:TrackPointExtension>
          <gpxdata:distance>6.674</gpxdata:distance>
        </extensions>
      </trkpt>
      <trkpt lat="54.433154700" lon="12.725256700">
        <ele>-2.000</ele>
        <time>2021-06-07T10:40:48Z</time>
        <extensions>
          <gpxtpx:TrackPointExtension>
            <gpxtpx:atemp>21.8</gpxtpx:atemp>
            <gpxtpx:cad>0</gpxtpx:cad>
          </gpxtpx:TrackPointExtension>
          <gpxdata:distance>6.574</gpxdata:distance>
        </extensions>
      </trkpt>
      <trkpt lat="54.433333700" lon="12.724488700">
        <ele>-2.000</ele>
        <time>2021-06-07T10:40:56Z</time>
        <extensions>
          <gpxtpx:TrackPointExtension>
            <gpxtpx:atemp>21.8</gpxtpx:atemp>
            <gpxtpx:cad>0</gpxtpx:cad>
          </gpxtpx:TrackPointExtension>
          <gpxdata:distance>6.857</gpxdata:distance>
        </extensions>
      </trkpt>
      <trkpt lat="54.433327800" lon="12.723853900">
        <ele>-2.000</ele>
        <time>2021-06-07T10:41:02Z</time>
        <extensions>
          <gpxtpx:TrackPointExtension>
            <gpxtpx:atemp>21.7</gpxtpx:atemp>
            <gpxtpx:cad>0</gpxtpx:cad>
          </gpxtpx:TrackPointExtension>
          <gpxdata:distance>6.898</gpxdata:distance>
        </extensions>
      </trkpt>
      <trkpt lat="54.432662800" lon="12.718568900">
        <ele>-2.000</ele>
        <time>2021-06-07T10:41:52Z</time>
        <extensions>
          <gpxtpx:TrackPointExtension>
            <gpxtpx:atemp>21.6</gpxtpx:atemp>
            <gpxtpx:cad>0</gpxtpx:cad>
          </gpxtpx:TrackPointExtension>
          <gpxdata:distance>7.111</gpxdata:distance>
        </extensions>
      </trkpt>
      <trkpt lat="54.432314600" lon="12.717660900">
        <ele>-2.000</ele>
        <time>2021-06-07T10:42:03Z</time>
        <extensions>
          <gpxtpx:TrackPointExtension>
            <gpxtpx:atemp>21.6</gpxtpx:atemp>
            <gpxtpx:cad>0</gpxtpx:cad>
          </gpxtpx:TrackPointExtension>
          <gpxdata:distance>5.184</gpxdata:distance>
        </extensions>
      </trkpt>
      <trkpt lat="54.432358600" lon="12.717540900">
        <ele>-2.000</ele>
        <time>2021-06-07T10:42:05Z</time>
        <extensions>
          <gpxtpx:TrackPointExtension>
            <gpxtpx:atemp>21.6</gpxtpx:atemp>
            <gpxtpx:cad>0</gpxtpx:cad>
          </gpxtpx:TrackPointExtension>
          <gpxdata:distance>4.6</gpxdata:distance>
        </extensions>
      </trkpt>
      <trkpt lat="54.432674600" lon="12.717322900">
        <ele>-2.000</ele>
        <time>2021-06-07T10:42:12Z</time>
        <extensions>
          <gpxtpx:TrackPointExtension>
            <gpxtpx:atemp>21.6</gpxtpx:atemp>
            <gpxtpx:cad>0</gpxtpx:cad>
          </gpxtpx:TrackPointExtension>
          <gpxdata:distance>5.865</gpxdata:distance>
        </extensions>
      </trkpt>
      <trkpt lat="54.432990600" lon="12.716873900">
        <ele>-2.000</ele>
        <time>2021-06-07T10:42:19Z</time>
        <extensions>
          <gpxtpx:TrackPointExtension>
            <gpxtpx:atemp>21.6</gpxtpx:atemp>
            <gpxtpx:cad>0</gpxtpx:cad>
          </gpxtpx:TrackPointExtension>
          <gpxdata:distance>7.172</gpxdata:distance>
        </extensions>
      </trkpt>
      <trkpt lat="54.434181600" lon="12.715769900">
        <ele>-2.000</ele>
        <time>2021-06-07T10:42:42Z</time>
        <extensions>
          <gpxtpx:TrackPointExtension>
            <gpxtpx:atemp>21.6</gpxtpx:atemp>
            <gpxtpx:cad>0</gpxtpx:cad>
          </gpxtpx:TrackPointExtension>
          <gpxdata:distance>6.529</gpxdata:distance>
        </extensions>
      </trkpt>
      <trkpt lat="54.434894600" lon="12.714841900">
        <ele>-2.000</ele>
        <time>2021-06-07T10:42:57Z</time>
        <extensions>
          <gpxtpx:TrackPointExtension>
            <gpxtpx:atemp>21.6</gpxtpx:atemp>
            <gpxtpx:cad>0</gpxtpx:cad>
          </gpxtpx:TrackPointExtension>
          <gpxdata:distance>6.42</gpxdata:distance>
        </extensions>
      </trkpt>
      <trkpt lat="54.436102200" lon="12.713017100">
        <ele>-2.000</ele>
        <time>2021-06-07T10:43:24Z</time>
        <extensions>
          <gpxtpx:TrackPointExtension>
            <gpxtpx:atemp>21.6</gpxtpx:atemp>
            <gpxtpx:cad>0</gpxtpx:cad>
          </gpxtpx:TrackPointExtension>
          <gpxdata:distance>6.762</gpxdata:distance>
        </extensions>
      </trkpt>
      <trkpt lat="54.439465200" lon="12.708744300">
        <ele>-2.000</ele>
        <time>2021-06-07T10:44:34Z</time>
        <extensions>
          <gpxtpx:TrackPointExtension>
            <gpxtpx:atemp>21.5</gpxtpx:atemp>
            <gpxtpx:cad>0</gpxtpx:cad>
          </gpxtpx:TrackPointExtension>
          <gpxdata:distance>6.803</gpxdata:distance>
        </extensions>
      </trkpt>
      <trkpt lat="54.440760900" lon="12.706706500">
        <ele>-2.000</ele>
        <time>2021-06-07T10:45:06Z</time>
        <extensions>
          <gpxtpx:TrackPointExtension>
            <gpxtpx:atemp>21.4</gpxtpx:atemp>
            <gpxtpx:cad>0</gpxtpx:cad>
          </gpxtpx:TrackPointExtension>
          <gpxdata:distance>3.855</gpxdata:distance>
        </extensions>
      </trkpt>
      <trkpt lat="54.441008900" lon="12.706631500">
        <ele>-2.000</ele>
        <time>2021-06-07T10:45:31Z</time>
        <extensions>
          <gpxtpx:TrackPointExtension>
            <gpxtpx:atemp>21.4</gpxtpx:atemp>
            <gpxtpx:cad>0</gpxtpx:cad>
          </gpxtpx:TrackPointExtension>
          <gpxdata:distance>0.117</gpxdata:distance>
        </extensions>
      </trkpt>
      <trkpt lat="54.441113900" lon="12.706311500">
        <ele>-2.000</ele>
        <time>2021-06-07T10:45:48Z</time>
        <extensions>
          <gpxtpx:TrackPointExtension>
            <gpxtpx:atemp>21.4</gpxtpx:atemp>
            <gpxtpx:cad>0</gpxtpx:cad>
          </gpxtpx:TrackPointExtension>
          <gpxdata:distance>2.426</gpxdata:distance>
        </extensions>
      </trkpt>
      <trkpt lat="54.441250200" lon="12.706637300">
        <ele>-2.000</ele>
        <time>2021-06-07T10:46:00Z</time>
        <extensions>
          <gpxtpx:TrackPointExtension>
            <gpxtpx:atemp>21.4</gpxtpx:atemp>
            <gpxtpx:cad>0</gpxtpx:cad>
          </gpxtpx:TrackPointExtension>
          <gpxdata:distance>1.576</gpxdata:distance>
        </extensions>
      </trkpt>
      <trkpt lat="54.442110200" lon="12.706688300">
        <ele>-1.000</ele>
        <time>2021-06-07T10:46:57Z</time>
        <extensions>
          <gpxtpx:TrackPointExtension>
            <gpxtpx:atemp>21.8</gpxtpx:atemp>
            <gpxtpx:cad>0</gpxtpx:cad>
          </gpxtpx:TrackPointExtension>
          <gpxdata:distance>0.246</gpxdata:distance>
        </extensions>
      </trkpt>
      <trkpt lat="54.441281800" lon="12.706676100">
        <ele>-1.000</ele>
        <time>2021-06-07T10:48:21Z</time>
        <extensions>
          <gpxtpx:TrackPointExtension>
            <gpxtpx:atemp>22.1</gpxtpx:atemp>
            <gpxtpx:cad>0</gpxtpx:cad>
          </gpxtpx:TrackPointExtension>
          <gpxdata:distance>3.9</gpxdata:distance>
        </extensions>
      </trkpt>
      <trkpt lat="54.441345700" lon="12.698587000">
        <ele>-1.000</ele>
        <time>2021-06-07T10:49:47Z</time>
        <extensions>
          <gpxtpx:TrackPointExtension>
            <gpxtpx:atemp>22.0</gpxtpx:atemp>
            <gpxtpx:cad>0</gpxtpx:cad>
          </gpxtpx:TrackPointExtension>
          <gpxdata:distance>6.521</gpxdata:distance>
        </extensions>
      </trkpt>
      <trkpt lat="54.440641900" lon="12.678169600">
        <ele>-1.000</ele>
        <time>2021-06-07T10:53:06Z</time>
        <extensions>
          <gpxtpx:TrackPointExtension>
            <gpxtpx:atemp>21.5</gpxtpx:atemp>
            <gpxtpx:cad>0</gpxtpx:cad>
          </gpxtpx:TrackPointExtension>
          <gpxdata:distance>6.955</gpxdata:distance>
        </extensions>
      </trkpt>
      <trkpt lat="54.441460900" lon="12.663749200">
        <ele>-1.000</ele>
        <time>2021-06-07T10:55:28Z</time>
        <extensions>
          <gpxtpx:TrackPointExtension>
            <gpxtpx:atemp>21.5</gpxtpx:atemp>
            <gpxtpx:cad>0</gpxtpx:cad>
          </gpxtpx:TrackPointExtension>
          <gpxdata:distance>6.857</gpxdata:distance>
        </extensions>
      </trkpt>
      <trkpt lat="54.441984200" lon="12.658753600">
        <ele>-1.000</ele>
        <time>2021-06-07T10:56:16Z</time>
        <extensions>
          <gpxtpx:TrackPointExtension>
            <gpxtpx:atemp>21.5</gpxtpx:atemp>
            <gpxtpx:cad>0</gpxtpx:cad>
          </gpxtpx:TrackPointExtension>
          <gpxdata:distance>6.807</gpxdata:distance>
        </extensions>
      </trkpt>
      <trkpt lat="54.442992000" lon="12.644945600">
        <ele>-1.000</ele>
        <time>2021-06-07T10:58:27Z</time>
        <extensions>
          <gpxtpx:TrackPointExtension>
            <gpxtpx:atemp>21.4</gpxtpx:atemp>
            <gpxtpx:cad>0</gpxtpx:cad>
          </gpxtpx:TrackPointExtension>
          <gpxdata:distance>6.922</gpxdata:distance>
        </extensions>
      </trkpt>
      <trkpt lat="54.444671300" lon="12.634050400">
        <ele>-1.000</ele>
        <time>2021-06-07T11:00:13Z</time>
        <extensions>
          <gpxtpx:TrackPointExtension>
            <gpxtpx:atemp>21.3</gpxtpx:atemp>
            <gpxtpx:cad>0</gpxtpx:cad>
          </gpxtpx:TrackPointExtension>
          <gpxdata:distance>6.945</gpxdata:distance>
        </extensions>
      </trkpt>
      <trkpt lat="54.446925600" lon="12.624006800">
        <ele>-1.000</ele>
        <time>2021-06-07T11:01:51Z</time>
        <extensions>
          <gpxtpx:TrackPointExtension>
            <gpxtpx:atemp>21.2</gpxtpx:atemp>
            <gpxtpx:cad>0</gpxtpx:cad>
          </gpxtpx:TrackPointExtension>
          <gpxdata:distance>7.34</gpxdata:distance>
        </extensions>
      </trkpt>
      <trkpt lat="54.447096700" lon="12.622777100">
        <ele>-1.000</ele>
        <time>2021-06-07T11:02:02Z</time>
        <extensions>
          <gpxtpx:TrackPointExtension>
            <gpxtpx:atemp>21.2</gpxtpx:atemp>
            <gpxtpx:cad>0</gpxtpx:cad>
          </gpxtpx:TrackPointExtension>
          <gpxdata:distance>7.453</gpxdata:distance>
        </extensions>
      </trkpt>
      <trkpt lat="54.448400900" lon="12.605501200">
        <ele>-1.000</ele>
        <time>2021-06-07T11:04:46Z</time>
        <extensions>
          <gpxtpx:TrackPointExtension>
            <gpxtpx:atemp>21.2</gpxtpx:atemp>
            <gpxtpx:cad>0</gpxtpx:cad>
          </gpxtpx:TrackPointExtension>
          <gpxdata:distance>6.016</gpxdata:distance>
        </extensions>
      </trkpt>
      <trkpt lat="54.449420200" lon="12.601317600">
        <ele>-1.000</ele>
        <time>2021-06-07T11:05:30Z</time>
        <extensions>
          <gpxtpx:TrackPointExtension>
            <gpxtpx:atemp>21.2</gpxtpx:atemp>
            <gpxtpx:cad>0</gpxtpx:cad>
          </gpxtpx:TrackPointExtension>
          <gpxdata:distance>7.086</gpxdata:distance>
        </extensions>
      </trkpt>
      <trkpt lat="54.449634200" lon="12.599433600">
        <ele>-1.000</ele>
        <time>2021-06-07T11:05:48Z</time>
        <extensions>
          <gpxtpx:TrackPointExtension>
            <gpxtpx:atemp>21.2</gpxtpx:atemp>
            <gpxtpx:cad>0</gpxtpx:cad>
          </gpxtpx:TrackPointExtension>
          <gpxdata:distance>6.758</gpxdata:distance>
        </extensions>
      </trkpt>
      <trkpt lat="54.450473900" lon="12.595205700">
        <ele>-1.000</ele>
        <time>2021-06-07T11:06:36Z</time>
        <extensions>
          <gpxtpx:TrackPointExtension>
            <gpxtpx:atemp>21.3</gpxtpx:atemp>
            <gpxtpx:cad>0</gpxtpx:cad>
          </gpxtpx:TrackPointExtension>
          <gpxdata:distance>1.586</gpxdata:distance>
        </extensions>
      </trkpt>
      <trkpt lat="54.450672800" lon="12.595448000">
        <ele>-1.000</ele>
        <time>2021-06-07T11:07:01Z</time>
        <extensions>
          <gpxtpx:TrackPointExtension>
            <gpxtpx:atemp>21.4</gpxtpx:atemp>
            <gpxtpx:cad>0</gpxtpx:cad>
          </gpxtpx:TrackPointExtension>
          <gpxdata:distance>0.355</gpxdata:distance>
        </extensions>
      </trkpt>
      <trkpt lat="54.450452200" lon="12.595211600">
        <ele>-1.000</ele>
        <time>2021-06-07T11:09:14Z</time>
        <extensions>
          <gpxtpx:TrackPointExtension>
            <gpxtpx:atemp>22.6</gpxtpx:atemp>
            <gpxtpx:cad>0</gpxtpx:cad>
          </gpxtpx:TrackPointExtension>
          <gpxdata:distance>1.496</gpxdata:distance>
        </extensions>
      </trkpt>
      <trkpt lat="54.450470200" lon="12.594942600">
        <ele>-1.000</ele>
        <time>2021-06-07T11:09:21Z</time>
        <extensions>
          <gpxtpx:TrackPointExtension>
            <gpxtpx:atemp>22.8</gpxtpx:atemp>
            <gpxtpx:cad>0</gpxtpx:cad>
          </gpxtpx:TrackPointExtension>
          <gpxdata:distance>2.859</gpxdata:distance>
        </extensions>
      </trkpt>
      <trkpt lat="54.450159200" lon="12.592754600">
        <ele>-1.000</ele>
        <time>2021-06-07T11:09:56Z</time>
        <extensions>
          <gpxtpx:TrackPointExtension>
            <gpxtpx:atemp>23.1</gpxtpx:atemp>
            <gpxtpx:cad>0</gpxtpx:cad>
          </gpxtpx:TrackPointExtension>
          <gpxdata:distance>3.953</gpxdata:distance>
        </extensions>
      </trkpt>
      <trkpt lat="54.449894400" lon="12.592116700">
        <ele>-1.000</ele>
        <time>2021-06-07T11:10:05Z</time>
        <extensions>
          <gpxtpx:TrackPointExtension>
            <gpxtpx:atemp>23.2</gpxtpx:atemp>
            <gpxtpx:cad>0</gpxtpx:cad>
          </gpxtpx:TrackPointExtension>
          <gpxdata:distance>6.254</gpxdata:distance>
        </extensions>
      </trkpt>
      <trkpt lat="54.449863400" lon="12.591628700">
        <ele>-1.000</ele>
        <time>2021-06-07T11:10:11Z</time>
        <extensions>
          <gpxtpx:TrackPointExtension>
            <gpxtpx:atemp>23.2</gpxtpx:atemp>
            <gpxtpx:cad>0</gpxtpx:cad>
          </gpxtpx:TrackPointExtension>
          <gpxdata:distance>5.406</gpxdata:distance>
        </extensions>
      </trkpt>
      <trkpt lat="54.450033400" lon="12.590680700">
        <ele>-1.000</ele>
        <time>2021-06-07T11:10:21Z</time>
        <extensions>
          <gpxtpx:TrackPointExtension>
            <gpxtpx:atemp>23.2</gpxtpx:atemp>
            <gpxtpx:cad>0</gpxtpx:cad>
          </gpxtpx:TrackPointExtension>
          <gpxdata:distance>6.734</gpxdata:distance>
        </extensions>
      </trkpt>
      <trkpt lat="54.450354400" lon="12.589764700">
        <ele>-1.000</ele>
        <time>2021-06-07T11:10:31Z</time>
        <extensions>
          <gpxtpx:TrackPointExtension>
            <gpxtpx:atemp>23.1</gpxtpx:atemp>
            <gpxtpx:cad>0</gpxtpx:cad>
          </gpxtpx:TrackPointExtension>
          <gpxdata:distance>7.176</gpxdata:distance>
        </extensions>
      </trkpt>
      <trkpt lat="54.450872400" lon="12.587867700">
        <ele>-1.000</ele>
        <time>2021-06-07T11:10:51Z</time>
        <extensions>
          <gpxtpx:TrackPointExtension>
            <gpxtpx:atemp>22.9</gpxtpx:atemp>
            <gpxtpx:cad>0</gpxtpx:cad>
          </gpxtpx:TrackPointExtension>
          <gpxdata:distance>7.133</gpxdata:distance>
        </extensions>
      </trkpt>
      <trkpt lat="54.450856400" lon="12.585143800">
        <ele>-1.000</ele>
        <time>2021-06-07T11:11:19Z</time>
        <extensions>
          <gpxtpx:TrackPointExtension>
            <gpxtpx:atemp>22.7</gpxtpx:atemp>
            <gpxtpx:cad>0</gpxtpx:cad>
          </gpxtpx:TrackPointExtension>
          <gpxdata:distance>6.648</gpxdata:distance>
        </extensions>
      </trkpt>
      <trkpt lat="54.450806400" lon="12.584593800">
        <ele>-1.000</ele>
        <time>2021-06-07T11:11:25Z</time>
        <extensions>
          <gpxtpx:TrackPointExtension>
            <gpxtpx:atemp>22.6</gpxtpx:atemp>
            <gpxtpx:cad>0</gpxtpx:cad>
          </gpxtpx:TrackPointExtension>
          <gpxdata:distance>5.445</gpxdata:distance>
        </extensions>
      </trkpt>
      <trkpt lat="54.448358200" lon="12.577474700">
        <ele>-1.000</ele>
        <time>2021-06-07T11:12:55Z</time>
        <extensions>
          <gpxtpx:TrackPointExtension>
            <gpxtpx:atemp>22.1</gpxtpx:atemp>
            <gpxtpx:cad>0</gpxtpx:cad>
          </gpxtpx:TrackPointExtension>
          <gpxdata:distance>5.289</gpxdata:distance>
        </extensions>
      </trkpt>
      <trkpt lat="54.448186800" lon="12.576140400">
        <ele>-1.000</ele>
        <time>2021-06-07T11:13:13Z</time>
        <extensions>
          <gpxtpx:TrackPointExtension>
            <gpxtpx:atemp>22.1</gpxtpx:atemp>
            <gpxtpx:cad>0</gpxtpx:cad>
          </gpxtpx:TrackPointExtension>
          <gpxdata:distance>4.301</gpxdata:distance>
        </extensions>
      </trkpt>
      <trkpt lat="54.448456800" lon="12.572453300">
        <ele>-1.000</ele>
        <time>2021-06-07T11:14:17Z</time>
        <extensions>
          <gpxtpx:TrackPointExtension>
            <gpxtpx:atemp>21.9</gpxtpx:atemp>
            <gpxtpx:cad>0</gpxtpx:cad>
          </gpxtpx:TrackPointExtension>
          <gpxdata:distance>4.129</gpxdata:distance>
        </extensions>
      </trkpt>
      <trkpt lat="54.447178800" lon="12.572041300">
        <ele>-1.000</ele>
        <time>2021-06-07T11:14:41Z</time>
        <extensions>
          <gpxtpx:TrackPointExtension>
            <gpxtpx:atemp>21.7</gpxtpx:atemp>
            <gpxtpx:cad>0</gpxtpx:cad>
          </gpxtpx:TrackPointExtension>
          <gpxdata:distance>4.84</gpxdata:distance>
        </extensions>
      </trkpt>
      <trkpt lat="54.446869800" lon="12.571846300">
        <ele>-1.000</ele>
        <time>2021-06-07T11:14:55Z</time>
        <extensions>
          <gpxtpx:TrackPointExtension>
            <gpxtpx:atemp>21.7</gpxtpx:atemp>
            <gpxtpx:cad>0</gpxtpx:cad>
          </gpxtpx:TrackPointExtension>
          <gpxdata:distance>0.285</gpxdata:distance>
        </extensions>
      </trkpt>
      <trkpt lat="54.446940700" lon="12.570420700">
        <ele>-1.000</ele>
        <time>2021-06-07T11:15:32Z</time>
        <extensions>
          <gpxtpx:TrackPointExtension>
            <gpxtpx:atemp>21.7</gpxtpx:atemp>
            <gpxtpx:cad>0</gpxtpx:cad>
          </gpxtpx:TrackPointExtension>
          <gpxdata:distance>3.332</gpxdata:distance>
        </extensions>
      </trkpt>
      <trkpt lat="54.446904700" lon="12.570111700">
        <ele>-1.000</ele>
        <time>2021-06-07T11:15:38Z</time>
        <extensions>
          <gpxtpx:TrackPointExtension>
            <gpxtpx:atemp>21.7</gpxtpx:atemp>
            <gpxtpx:cad>0</gpxtpx:cad>
          </gpxtpx:TrackPointExtension>
          <gpxdata:distance>3.289</gpxdata:distance>
        </extensions>
      </trkpt>
      <trkpt lat="54.446739400" lon="12.569719900">
        <ele>-1.000</ele>
        <time>2021-06-07T11:16:05Z</time>
        <extensions>
          <gpxtpx:TrackPointExtension>
            <gpxtpx:atemp>21.9</gpxtpx:atemp>
            <gpxtpx:cad>0</gpxtpx:cad>
          </gpxtpx:TrackPointExtension>
          <gpxdata:distance>2.312</gpxdata:distance>
        </extensions>
      </trkpt>
      <trkpt lat="54.447003400" lon="12.569636800">
        <ele>-1.000</ele>
        <time>2021-06-07T11:17:43Z</time>
        <extensions>
          <gpxtpx:TrackPointExtension>
            <gpxtpx:atemp>23.2</gpxtpx:atemp>
            <gpxtpx:cad>0</gpxtpx:cad>
          </gpxtpx:TrackPointExtension>
          <gpxdata:distance>1.684</gpxdata:distance>
        </extensions>
      </trkpt>
      <trkpt lat="54.446882600" lon="12.571869100">
        <ele>-1.000</ele>
        <time>2021-06-07T11:18:20Z</time>
        <extensions>
          <gpxtpx:TrackPointExtension>
            <gpxtpx:atemp>23.6</gpxtpx:atemp>
            <gpxtpx:cad>0</gpxtpx:cad>
          </gpxtpx:TrackPointExtension>
          <gpxdata:distance>4.012</gpxdata:distance>
        </extensions>
      </trkpt>
      <trkpt lat="54.447245600" lon="12.572091100">
        <ele>-1.000</ele>
        <time>2021-06-07T11:18:34Z</time>
        <extensions>
          <gpxtpx:TrackPointExtension>
            <gpxtpx:atemp>23.7</gpxtpx:atemp>
            <gpxtpx:cad>0</gpxtpx:cad>
          </gpxtpx:TrackPointExtension>
          <gpxdata:distance>2.676</gpxdata:distance>
        </extensions>
      </trkpt>
      <trkpt lat="54.447256600" lon="12.572220100">
        <ele>-1.000</ele>
        <time>2021-06-07T11:18:38Z</time>
        <extensions>
          <gpxtpx:TrackPointExtension>
            <gpxtpx:atemp>23.7</gpxtpx:atemp>
            <gpxtpx:cad>0</gpxtpx:cad>
          </gpxtpx:TrackPointExtension>
          <gpxdata:distance>2.113</gpxdata:distance>
        </extensions>
      </trkpt>
      <trkpt lat="54.447140500" lon="12.571955200">
        <ele>-1.000</ele>
        <time>2021-06-07T11:23:43Z</time>
        <extensions>
          <gpxtpx:TrackPointExtension>
            <gpxtpx:atemp>22.9</gpxtpx:atemp>
            <gpxtpx:cad>0</gpxtpx:cad>
          </gpxtpx:TrackPointExtension>
          <gpxdata:distance>2.523</gpxdata:distance>
        </extensions>
      </trkpt>
      <trkpt lat="54.446844500" lon="12.571801200">
        <ele>-1.000</ele>
        <time>2021-06-07T11:23:53Z</time>
        <extensions>
          <gpxtpx:TrackPointExtension>
            <gpxtpx:atemp>22.8</gpxtpx:atemp>
            <gpxtpx:cad>0</gpxtpx:cad>
          </gpxtpx:TrackPointExtension>
          <gpxdata:distance>3.66</gpxdata:distance>
        </extensions>
      </trkpt>
      <trkpt lat="54.446899100" lon="12.570086500">
        <ele>-1.000</ele>
        <time>2021-06-07T11:24:25Z</time>
        <extensions>
          <gpxtpx:TrackPointExtension>
            <gpxtpx:atemp>22.8</gpxtpx:atemp>
            <gpxtpx:cad>0</gpxtpx:cad>
          </gpxtpx:TrackPointExtension>
          <gpxdata:distance>0.301</gpxdata:distance>
        </extensions>
      </trkpt>
      <trkpt lat="54.447153200" lon="12.568542600">
        <ele>-1.000</ele>
        <time>2021-06-07T11:25:48Z</time>
        <extensions>
          <gpxtpx:TrackPointExtension>
            <gpxtpx:atemp>23.2</gpxtpx:atemp>
            <gpxtpx:cad>0</gpxtpx:cad>
          </gpxtpx:TrackPointExtension>
          <gpxdata:distance>2.273</gpxdata:distance>
        </extensions>
      </trkpt>
      <trkpt lat="54.447030400" lon="12.568465200">
        <ele>-1.000</ele>
        <time>2021-06-07T11:26:23Z</time>
        <extensions>
          <gpxtpx:TrackPointExtension>
            <gpxtpx:atemp>23.3</gpxtpx:atemp>
            <gpxtpx:cad>0</gpxtpx:cad>
          </gpxtpx:TrackPointExtension>
          <gpxdata:distance>0.488</gpxdata:distance>
        </extensions>
      </trkpt>
      <trkpt lat="54.447171300" lon="12.568261300">
        <ele>2.000</ele>
        <time>2021-06-07T12:00:54Z</time>
        <extensions>
          <gpxtpx:TrackPointExtension>
            <gpxtpx:atemp>23.2</gpxtpx:atemp>
            <gpxtpx:cad>0</gpxtpx:cad>
          </gpxtpx:TrackPointExtension>
          <gpxdata:distance>2.535</gpxdata:distance>
        </extensions>
      </trkpt>
      <trkpt lat="54.447219300" lon="12.565562600">
        <ele>2.000</ele>
        <time>2021-06-07T12:01:33Z</time>
        <extensions>
          <gpxtpx:TrackPointExtension>
            <gpxtpx:atemp>23.3</gpxtpx:atemp>
            <gpxtpx:cad>0</gpxtpx:cad>
          </gpxtpx:TrackPointExtension>
          <gpxdata:distance>6.328</gpxdata:distance>
        </extensions>
      </trkpt>
      <trkpt lat="54.447420300" lon="12.564195600">
        <ele>2.000</ele>
        <time>2021-06-07T12:01:49Z</time>
        <extensions>
          <gpxtpx:TrackPointExtension>
            <gpxtpx:atemp>23.3</gpxtpx:atemp>
            <gpxtpx:cad>0</gpxtpx:cad>
          </gpxtpx:TrackPointExtension>
          <gpxdata:distance>5.184</gpxdata:distance>
        </extensions>
      </trkpt>
      <trkpt lat="54.447423300" lon="12.562575400">
        <ele>2.000</ele>
        <time>2021-06-07T12:02:10Z</time>
        <extensions>
          <gpxtpx:TrackPointExtension>
            <gpxtpx:atemp>23.4</gpxtpx:atemp>
            <gpxtpx:cad>0</gpxtpx:cad>
          </gpxtpx:TrackPointExtension>
          <gpxdata:distance>5.254</gpxdata:distance>
        </extensions>
      </trkpt>
      <trkpt lat="54.447637300" lon="12.560798400">
        <ele>1.000</ele>
        <time>2021-06-07T12:02:37Z</time>
        <extensions>
          <gpxtpx:TrackPointExtension>
            <gpxtpx:atemp>23.4</gpxtpx:atemp>
            <gpxtpx:cad>0</gpxtpx:cad>
          </gpxtpx:TrackPointExtension>
          <gpxdata:distance>3.012</gpxdata:distance>
        </extensions>
      </trkpt>
      <trkpt lat="54.447523100" lon="12.556749600">
        <ele>1.000</ele>
        <time>2021-06-07T12:04:19Z</time>
        <extensions>
          <gpxtpx:TrackPointExtension>
            <gpxtpx:atemp>23.6</gpxtpx:atemp>
            <gpxtpx:cad>0</gpxtpx:cad>
          </gpxtpx:TrackPointExtension>
          <gpxdata:distance>5.523</gpxdata:distance>
        </extensions>
      </trkpt>
      <trkpt lat="54.447618100" lon="12.556405600">
        <ele>1.000</ele>
        <time>2021-06-07T12:04:24Z</time>
        <extensions>
          <gpxtpx:TrackPointExtension>
            <gpxtpx:atemp>23.6</gpxtpx:atemp>
            <gpxtpx:cad>0</gpxtpx:cad>
          </gpxtpx:TrackPointExtension>
          <gpxdata:distance>4.812</gpxdata:distance>
        </extensions>
      </trkpt>
      <trkpt lat="54.448771100" lon="12.555881600">
        <ele>1.000</ele>
        <time>2021-06-07T12:04:50Z</time>
        <extensions>
          <gpxtpx:TrackPointExtension>
            <gpxtpx:atemp>23.6</gpxtpx:atemp>
            <gpxtpx:cad>0</gpxtpx:cad>
          </gpxtpx:TrackPointExtension>
          <gpxdata:distance>4.641</gpxdata:distance>
        </extensions>
      </trkpt>
      <trkpt lat="54.451542100" lon="12.555519700">
        <ele>1.000</ele>
        <time>2021-06-07T12:05:44Z</time>
        <extensions>
          <gpxtpx:TrackPointExtension>
            <gpxtpx:atemp>23.2</gpxtpx:atemp>
            <gpxtpx:cad>0</gpxtpx:cad>
          </gpxtpx:TrackPointExtension>
          <gpxdata:distance>6.301</gpxdata:distance>
        </extensions>
      </trkpt>
      <trkpt lat="54.451912000" lon="12.555104300">
        <ele>1.000</ele>
        <time>2021-06-07T12:06:36Z</time>
        <extensions>
          <gpxtpx:TrackPointExtension>
            <gpxtpx:atemp>23.1</gpxtpx:atemp>
            <gpxtpx:cad>0</gpxtpx:cad>
          </gpxtpx:TrackPointExtension>
          <gpxdata:distance>1.969</gpxdata:distance>
        </extensions>
      </trkpt>
      <trkpt lat="54.452036000" lon="12.555118300">
        <ele>1.000</ele>
        <time>2021-06-07T12:06:42Z</time>
        <extensions>
          <gpxtpx:TrackPointExtension>
            <gpxtpx:atemp>23.1</gpxtpx:atemp>
            <gpxtpx:cad>0</gpxtpx:cad>
          </gpxtpx:TrackPointExtension>
          <gpxdata:distance>2.711</gpxdata:distance>
        </extensions>
      </trkpt>
      <trkpt lat="54.452588000" lon="12.554637300">
        <ele>1.000</ele>
        <time>2021-06-07T12:06:58Z</time>
        <extensions>
          <gpxtpx:TrackPointExtension>
            <gpxtpx:atemp>23.1</gpxtpx:atemp>
            <gpxtpx:cad>0</gpxtpx:cad>
          </gpxtpx:TrackPointExtension>
          <gpxdata:distance>5.016</gpxdata:distance>
        </extensions>
      </trkpt>
      <trkpt lat="54.453383200" lon="12.554406200">
        <ele>1.000</ele>
        <time>2021-06-07T12:07:24Z</time>
        <extensions>
          <gpxtpx:TrackPointExtension>
            <gpxtpx:atemp>23.1</gpxtpx:atemp>
            <gpxtpx:cad>0</gpxtpx:cad>
          </gpxtpx:TrackPointExtension>
          <gpxdata:distance>2.668</gpxdata:distance>
        </extensions>
      </trkpt>
      <trkpt lat="54.453956200" lon="12.554748200">
        <ele>1.000</ele>
        <time>2021-06-07T12:07:46Z</time>
        <extensions>
          <gpxtpx:TrackPointExtension>
            <gpxtpx:atemp>23.2</gpxtpx:atemp>
            <gpxtpx:cad>0</gpxtpx:cad>
          </gpxtpx:TrackPointExtension>
          <gpxdata:distance>2.547</gpxdata:distance>
        </extensions>
      </trkpt>
      <trkpt lat="54.454254800" lon="12.555091900">
        <ele>1.000</ele>
        <time>2021-06-07T12:08:16Z</time>
        <extensions>
          <gpxtpx:TrackPointExtension>
            <gpxtpx:atemp>23.2</gpxtpx:atemp>
            <gpxtpx:cad>0</gpxtpx:cad>
          </gpxtpx:TrackPointExtension>
          <gpxdata:distance>0.133</gpxdata:distance>
        </extensions>
      </trkpt>
      <trkpt lat="54.453820800" lon="12.554691900">
        <ele>1.000</ele>
        <time>2021-06-07T12:08:48Z</time>
        <extensions>
          <gpxtpx:TrackPointExtension>
            <gpxtpx:atemp>23.3</gpxtpx:atemp>
            <gpxtpx:cad>0</gpxtpx:cad>
          </gpxtpx:TrackPointExtension>
          <gpxdata:distance>3.582</gpxdata:distance>
        </extensions>
      </trkpt>
      <trkpt lat="54.453435700" lon="12.554524300">
        <ele>1.000</ele>
        <time>2021-06-07T12:09:02Z</time>
        <extensions>
          <gpxtpx:TrackPointExtension>
            <gpxtpx:atemp>23.4</gpxtpx:atemp>
            <gpxtpx:cad>0</gpxtpx:cad>
          </gpxtpx:TrackPointExtension>
          <gpxdata:distance>2.777</gpxdata:distance>
        </extensions>
      </trkpt>
      <trkpt lat="54.453630700" lon="12.554067300">
        <ele>1.000</ele>
        <time>2021-06-07T12:09:13Z</time>
        <extensions>
          <gpxtpx:TrackPointExtension>
            <gpxtpx:atemp>23.5</gpxtpx:atemp>
            <gpxtpx:cad>0</gpxtpx:cad>
          </gpxtpx:TrackPointExtension>
          <gpxdata:distance>3.77</gpxdata:distance>
        </extensions>
      </trkpt>
      <trkpt lat="54.454607400" lon="12.548292300">
        <ele>1.000</ele>
        <time>2021-06-07T12:10:43Z</time>
        <extensions>
          <gpxtpx:TrackPointExtension>
            <gpxtpx:atemp>23.3</gpxtpx:atemp>
            <gpxtpx:cad>0</gpxtpx:cad>
          </gpxtpx:TrackPointExtension>
          <gpxdata:distance>3.914</gpxdata:distance>
        </extensions>
      </trkpt>
      <trkpt lat="54.454589400" lon="12.548097300">
        <ele>1.000</ele>
        <time>2021-06-07T12:10:48Z</time>
        <extensions>
          <gpxtpx:TrackPointExtension>
            <gpxtpx:atemp>23.3</gpxtpx:atemp>
            <gpxtpx:cad>0</gpxtpx:cad>
          </gpxtpx:TrackPointExtension>
          <gpxdata:distance>1.973</gpxdata:distance>
        </extensions>
      </trkpt>
      <trkpt lat="54.454884100" lon="12.548148400">
        <ele>1.000</ele>
        <time>2021-06-07T12:11:10Z</time>
        <extensions>
          <gpxtpx:TrackPointExtension>
            <gpxtpx:atemp>23.1</gpxtpx:atemp>
            <gpxtpx:cad>0</gpxtpx:cad>
          </gpxtpx:TrackPointExtension>
          <gpxdata:distance>2.469</gpxdata:distance>
        </extensions>
      </trkpt>
      <trkpt lat="54.454751100" lon="12.547870400">
        <ele>1.000</ele>
        <time>2021-06-07T12:11:44Z</time>
        <extensions>
          <gpxtpx:TrackPointExtension>
            <gpxtpx:atemp>23.0</gpxtpx:atemp>
            <gpxtpx:cad>0</gpxtpx:cad>
          </gpxtpx:TrackPointExtension>
          <gpxdata:distance>0.457</gpxdata:distance>
        </extensions>
      </trkpt>
      <trkpt lat="54.454864700" lon="12.548058700">
        <ele>1.000</ele>
        <time>2021-06-07T12:12:11Z</time>
        <extensions>
          <gpxtpx:TrackPointExtension>
            <gpxtpx:atemp>23.0</gpxtpx:atemp>
            <gpxtpx:cad>0</gpxtpx:cad>
          </gpxtpx:TrackPointExtension>
          <gpxdata:distance>1.0</gpxdata:distance>
        </extensions>
      </trkpt>
      <trkpt lat="54.454677700" lon="12.548127700">
        <ele>1.000</ele>
        <time>2021-06-07T12:12:32Z</time>
        <extensions>
          <gpxtpx:TrackPointExtension>
            <gpxtpx:atemp>23.1</gpxtpx:atemp>
            <gpxtpx:cad>0</gpxtpx:cad>
          </gpxtpx:TrackPointExtension>
          <gpxdata:distance>0.383</gpxdata:distance>
        </extensions>
      </trkpt>
      <trkpt lat="54.454704700" lon="12.547947700">
        <ele>1.000</ele>
        <time>2021-06-07T12:12:45Z</time>
        <extensions>
          <gpxtpx:TrackPointExtension>
            <gpxtpx:atemp>23.1</gpxtpx:atemp>
            <gpxtpx:cad>0</gpxtpx:cad>
          </gpxtpx:TrackPointExtension>
          <gpxdata:distance>0.973</gpxdata:distance>
        </extensions>
      </trkpt>
      <trkpt lat="54.454457900" lon="12.547762200">
        <ele>1.000</ele>
        <time>2021-06-07T12:13:25Z</time>
        <extensions>
          <gpxtpx:TrackPointExtension>
            <gpxtpx:atemp>23.2</gpxtpx:atemp>
            <gpxtpx:cad>0</gpxtpx:cad>
          </gpxtpx:TrackPointExtension>
          <gpxdata:distance>3.473</gpxdata:distance>
        </extensions>
      </trkpt>
      <trkpt lat="54.454508900" lon="12.547074200">
        <ele>1.000</ele>
        <time>2021-06-07T12:13:39Z</time>
        <extensions>
          <gpxtpx:TrackPointExtension>
            <gpxtpx:atemp>23.3</gpxtpx:atemp>
            <gpxtpx:cad>0</gpxtpx:cad>
          </gpxtpx:TrackPointExtension>
          <gpxdata:distance>3.938</gpxdata:distance>
        </extensions>
      </trkpt>
      <trkpt lat="54.454437900" lon="12.546727200">
        <ele>1.000</ele>
        <time>2021-06-07T12:13:45Z</time>
        <extensions>
          <gpxtpx:TrackPointExtension>
            <gpxtpx:atemp>23.3</gpxtpx:atemp>
            <gpxtpx:cad>0</gpxtpx:cad>
          </gpxtpx:TrackPointExtension>
          <gpxdata:distance>4.082</gpxdata:distance>
        </extensions>
      </trkpt>
      <trkpt lat="54.454533900" lon="12.545969200">
        <ele>1.000</ele>
        <time>2021-06-07T12:13:57Z</time>
        <extensions>
          <gpxtpx:TrackPointExtension>
            <gpxtpx:atemp>23.3</gpxtpx:atemp>
            <gpxtpx:cad>0</gpxtpx:cad>
          </gpxtpx:TrackPointExtension>
          <gpxdata:distance>3.867</gpxdata:distance>
        </extensions>
      </trkpt>
      <trkpt lat="54.455613800" lon="12.543360500">
        <ele>1.000</ele>
        <time>2021-06-07T12:14:37Z</time>
        <extensions>
          <gpxtpx:TrackPointExtension>
            <gpxtpx:atemp>23.3</gpxtpx:atemp>
            <gpxtpx:cad>0</gpxtpx:cad>
          </gpxtpx:TrackPointExtension>
          <gpxdata:distance>5.617</gpxdata:distance>
        </extensions>
      </trkpt>
      <trkpt lat="54.455890800" lon="12.542516500">
        <ele>1.000</ele>
        <time>2021-06-07T12:14:49Z</time>
        <extensions>
          <gpxtpx:TrackPointExtension>
            <gpxtpx:atemp>23.3</gpxtpx:atemp>
            <gpxtpx:cad>0</gpxtpx:cad>
          </gpxtpx:TrackPointExtension>
          <gpxdata:distance>4.738</gpxdata:distance>
        </extensions>
      </trkpt>
      <trkpt lat="54.456371100" lon="12.540583100">
        <ele>1.000</ele>
        <time>2021-06-07T12:16:06Z</time>
        <extensions>
          <gpxtpx:TrackPointExtension>
            <gpxtpx:atemp>23.1</gpxtpx:atemp>
            <gpxtpx:cad>0</gpxtpx:cad>
          </gpxtpx:TrackPointExtension>
          <gpxdata:distance>4.641</gpxdata:distance>
        </extensions>
      </trkpt>
      <trkpt lat="54.457076100" lon="12.538160100">
        <ele>1.000</ele>
        <time>2021-06-07T12:16:49Z</time>
        <extensions>
          <gpxtpx:TrackPointExtension>
            <gpxtpx:atemp>23.0</gpxtpx:atemp>
            <gpxtpx:cad>0</gpxtpx:cad>
          </gpxtpx:TrackPointExtension>
          <gpxdata:distance>2.074</gpxdata:distance>
        </extensions>
      </trkpt>
      <trkpt lat="54.456838900" lon="12.537932500">
        <ele>1.000</ele>
        <time>2021-06-07T12:17:04Z</time>
        <extensions>
          <gpxtpx:TrackPointExtension>
            <gpxtpx:atemp>23.0</gpxtpx:atemp>
            <gpxtpx:cad>0</gpxtpx:cad>
          </gpxtpx:TrackPointExtension>
          <gpxdata:distance>2.477</gpxdata:distance>
        </extensions>
      </trkpt>
      <trkpt lat="54.456722900" lon="12.537666500">
        <ele>1.000</ele>
        <time>2021-06-07T12:17:18Z</time>
        <extensions>
          <gpxtpx:TrackPointExtension>
            <gpxtpx:atemp>23.0</gpxtpx:atemp>
            <gpxtpx:cad>0</gpxtpx:cad>
          </gpxtpx:TrackPointExtension>
          <gpxdata:distance>0.66</gpxdata:distance>
        </extensions>
      </trkpt>
      <trkpt lat="54.456848900" lon="12.537889500">
        <ele>1.000</ele>
        <time>2021-06-07T12:17:49Z</time>
        <extensions>
          <gpxtpx:TrackPointExtension>
            <gpxtpx:atemp>23.0</gpxtpx:atemp>
            <gpxtpx:cad>0</gpxtpx:cad>
          </gpxtpx:TrackPointExtension>
          <gpxdata:distance>1.961</gpxdata:distance>
        </extensions>
      </trkpt>
      <trkpt lat="54.457100700" lon="12.538090200">
        <ele>1.000</ele>
        <time>2021-06-07T12:18:00Z</time>
        <extensions>
          <gpxtpx:TrackPointExtension>
            <gpxtpx:atemp>23.0</gpxtpx:atemp>
            <gpxtpx:cad>0</gpxtpx:cad>
          </gpxtpx:TrackPointExtension>
          <gpxdata:distance>3.57</gpxdata:distance>
        </extensions>
      </trkpt>
      <trkpt lat="54.457642700" lon="12.537175200">
        <ele>1.000</ele>
        <time>2021-06-07T12:18:31Z</time>
        <extensions>
          <gpxtpx:TrackPointExtension>
            <gpxtpx:atemp>22.9</gpxtpx:atemp>
            <gpxtpx:cad>0</gpxtpx:cad>
          </gpxtpx:TrackPointExtension>
          <gpxdata:distance>2.844</gpxdata:distance>
        </extensions>
      </trkpt>
      <trkpt lat="54.457790700" lon="12.536619200">
        <ele>1.000</ele>
        <time>2021-06-07T12:18:43Z</time>
        <extensions>
          <gpxtpx:TrackPointExtension>
            <gpxtpx:atemp>22.9</gpxtpx:atemp>
            <gpxtpx:cad>0</gpxtpx:cad>
          </gpxtpx:TrackPointExtension>
          <gpxdata:distance>3.582</gpxdata:distance>
        </extensions>
      </trkpt>
      <trkpt lat="54.457744700" lon="12.536371200">
        <ele>1.000</ele>
        <time>2021-06-07T12:18:49Z</time>
        <extensions>
          <gpxtpx:TrackPointExtension>
            <gpxtpx:atemp>22.9</gpxtpx:atemp>
            <gpxtpx:cad>0</gpxtpx:cad>
          </gpxtpx:TrackPointExtension>
          <gpxdata:distance>2.539</gpxdata:distance>
        </extensions>
      </trkpt>
      <trkpt lat="54.457678700" lon="12.536390200">
        <ele>1.000</ele>
        <time>2021-06-07T12:18:52Z</time>
        <extensions>
          <gpxtpx:TrackPointExtension>
            <gpxtpx:atemp>22.9</gpxtpx:atemp>
            <gpxtpx:cad>0</gpxtpx:cad>
          </gpxtpx:TrackPointExtension>
          <gpxdata:distance>2.484</gpxdata:distance>
        </extensions>
      </trkpt>
      <trkpt lat="54.457296100" lon="12.537326000">
        <ele>1.000</ele>
        <time>2021-06-07T12:19:10Z</time>
        <extensions>
          <gpxtpx:TrackPointExtension>
            <gpxtpx:atemp>22.9</gpxtpx:atemp>
            <gpxtpx:cad>0</gpxtpx:cad>
          </gpxtpx:TrackPointExtension>
          <gpxdata:distance>2.801</gpxdata:distance>
        </extensions>
      </trkpt>
      <trkpt lat="54.455024800" lon="12.536317100">
        <ele>1.000</ele>
        <time>2021-06-07T12:20:14Z</time>
        <extensions>
          <gpxtpx:TrackPointExtension>
            <gpxtpx:atemp>22.9</gpxtpx:atemp>
            <gpxtpx:cad>0</gpxtpx:cad>
          </gpxtpx:TrackPointExtension>
          <gpxdata:distance>4.766</gpxdata:distance>
        </extensions>
      </trkpt>
      <trkpt lat="54.453826800" lon="12.535890100">
        <ele>1.000</ele>
        <time>2021-06-07T12:20:52Z</time>
        <extensions>
          <gpxtpx:TrackPointExtension>
            <gpxtpx:atemp>23.0</gpxtpx:atemp>
            <gpxtpx:cad>0</gpxtpx:cad>
          </gpxtpx:TrackPointExtension>
          <gpxdata:distance>0.223</gpxdata:distance>
        </extensions>
      </trkpt>
      <trkpt lat="54.453778000" lon="12.534913800">
        <ele>1.000</ele>
        <time>2021-06-07T12:21:44Z</time>
        <extensions>
          <gpxtpx:TrackPointExtension>
            <gpxtpx:atemp>23.3</gpxtpx:atemp>
            <gpxtpx:cad>0</gpxtpx:cad>
          </gpxtpx:TrackPointExtension>
          <gpxdata:distance>2.875</gpxdata:distance>
        </extensions>
      </trkpt>
      <trkpt lat="54.455051900" lon="12.530741000">
        <ele>1.000</ele>
        <time>2021-06-07T12:22:48Z</time>
        <extensions>
          <gpxtpx:TrackPointExtension>
            <gpxtpx:atemp>23.3</gpxtpx:atemp>
            <gpxtpx:cad>0</gpxtpx:cad>
          </gpxtpx:TrackPointExtension>
          <gpxdata:distance>4.777</gpxdata:distance>
        </extensions>
      </trkpt>
      <trkpt lat="54.456138300" lon="12.527933700">
        <ele>1.000</ele>
        <time>2021-06-07T12:23:34Z</time>
        <extensions>
          <gpxtpx:TrackPointExtension>
            <gpxtpx:atemp>23.1</gpxtpx:atemp>
            <gpxtpx:cad>0</gpxtpx:cad>
          </gpxtpx:TrackPointExtension>
          <gpxdata:distance>4.852</gpxdata:distance>
        </extensions>
      </trkpt>
      <trkpt lat="54.456663300" lon="12.526819700">
        <ele>1.000</ele>
        <time>2021-06-07T12:23:55Z</time>
        <extensions>
          <gpxtpx:TrackPointExtension>
            <gpxtpx:atemp>22.9</gpxtpx:atemp>
            <gpxtpx:cad>0</gpxtpx:cad>
          </gpxtpx:TrackPointExtension>
          <gpxdata:distance>3.176</gpxdata:distance>
        </extensions>
      </trkpt>
      <trkpt lat="54.456961800" lon="12.526613100">
        <ele>1.000</ele>
        <time>2021-06-07T12:24:07Z</time>
        <extensions>
          <gpxtpx:TrackPointExtension>
            <gpxtpx:atemp>22.9</gpxtpx:atemp>
            <gpxtpx:cad>0</gpxtpx:cad>
          </gpxtpx:TrackPointExtension>
          <gpxdata:distance>3.754</gpxdata:distance>
        </extensions>
      </trkpt>
      <trkpt lat="54.458305400" lon="12.523861300">
        <ele>2.000</ele>
        <time>2021-06-07T12:25:06Z</time>
        <extensions>
          <gpxtpx:TrackPointExtension>
            <gpxtpx:atemp>22.8</gpxtpx:atemp>
            <gpxtpx:cad>0</gpxtpx:cad>
          </gpxtpx:TrackPointExtension>
          <gpxdata:distance>4.309</gpxdata:distance>
        </extensions>
      </trkpt>
      <trkpt lat="54.459301400" lon="12.522094300">
        <ele>2.000</ele>
        <time>2021-06-07T12:25:40Z</time>
        <extensions>
          <gpxtpx:TrackPointExtension>
            <gpxtpx:atemp>22.6</gpxtpx:atemp>
            <gpxtpx:cad>0</gpxtpx:cad>
          </gpxtpx:TrackPointExtension>
          <gpxdata:distance>4.27</gpxdata:distance>
        </extensions>
      </trkpt>
      <trkpt lat="54.460877800" lon="12.518766000">
        <ele>3.000</ele>
        <time>2021-06-07T12:26:38Z</time>
        <extensions>
          <gpxtpx:TrackPointExtension>
            <gpxtpx:atemp>22.4</gpxtpx:atemp>
            <gpxtpx:cad>0</gpxtpx:cad>
          </gpxtpx:TrackPointExtension>
          <gpxdata:distance>4.961</gpxdata:distance>
        </extensions>
      </trkpt>
      <trkpt lat="54.461529500" lon="12.517617800">
        <ele>3.000</ele>
        <time>2021-06-07T12:27:00Z</time>
        <extensions>
          <gpxtpx:TrackPointExtension>
            <gpxtpx:atemp>22.3</gpxtpx:atemp>
            <gpxtpx:cad>0</gpxtpx:cad>
          </gpxtpx:TrackPointExtension>
          <gpxdata:distance>5.352</gpxdata:distance>
        </extensions>
      </trkpt>
      <trkpt lat="54.463065800" lon="12.515276100">
        <ele>3.000</ele>
        <time>2021-06-07T12:28:13Z</time>
        <extensions>
          <gpxtpx:TrackPointExtension>
            <gpxtpx:atemp>22.1</gpxtpx:atemp>
            <gpxtpx:cad>0</gpxtpx:cad>
          </gpxtpx:TrackPointExtension>
          <gpxdata:distance>1.734</gpxdata:distance>
        </extensions>
      </trkpt>
      <trkpt lat="54.464024800" lon="12.513270100">
        <ele>3.000</ele>
        <time>2021-06-07T12:28:56Z</time>
        <extensions>
          <gpxtpx:TrackPointExtension>
            <gpxtpx:atemp>22.1</gpxtpx:atemp>
            <gpxtpx:cad>0</gpxtpx:cad>
          </gpxtpx:TrackPointExtension>
          <gpxdata:distance>4.617</gpxdata:distance>
        </extensions>
      </trkpt>
      <trkpt lat="54.464517000" lon="12.512421900">
        <ele>3.000</ele>
        <time>2021-06-07T12:29:14Z</time>
        <extensions>
          <gpxtpx:TrackPointExtension>
            <gpxtpx:atemp>22.1</gpxtpx:atemp>
            <gpxtpx:cad>0</gpxtpx:cad>
          </gpxtpx:TrackPointExtension>
          <gpxdata:distance>3.684</gpxdata:distance>
        </extensions>
      </trkpt>
      <trkpt lat="54.464638000" lon="12.512003900">
        <ele>3.000</ele>
        <time>2021-06-07T12:29:26Z</time>
        <extensions>
          <gpxtpx:TrackPointExtension>
            <gpxtpx:atemp>22.1</gpxtpx:atemp>
            <gpxtpx:cad>0</gpxtpx:cad>
          </gpxtpx:TrackPointExtension>
          <gpxdata:distance>1.781</gpxdata:distance>
        </extensions>
      </trkpt>
      <trkpt lat="54.464984600" lon="12.511741500">
        <ele>4.000</ele>
        <time>2021-06-07T12:30:42Z</time>
        <extensions>
          <gpxtpx:TrackPointExtension>
            <gpxtpx:atemp>22.0</gpxtpx:atemp>
            <gpxtpx:cad>0</gpxtpx:cad>
          </gpxtpx:TrackPointExtension>
          <gpxdata:distance>3.258</gpxdata:distance>
        </extensions>
      </trkpt>
      <trkpt lat="54.467793600" lon="12.507954100">
        <ele>4.000</ele>
        <time>2021-06-07T12:31:42Z</time>
        <extensions>
          <gpxtpx:TrackPointExtension>
            <gpxtpx:atemp>21.7</gpxtpx:atemp>
            <gpxtpx:cad>0</gpxtpx:cad>
          </gpxtpx:TrackPointExtension>
          <gpxdata:distance>6.703</gpxdata:distance>
        </extensions>
      </trkpt>
      <trkpt lat="54.468962800" lon="12.506757400">
        <ele>4.000</ele>
        <time>2021-06-07T12:32:06Z</time>
        <extensions>
          <gpxtpx:TrackPointExtension>
            <gpxtpx:atemp>21.6</gpxtpx:atemp>
            <gpxtpx:cad>0</gpxtpx:cad>
          </gpxtpx:TrackPointExtension>
          <gpxdata:distance>7.309</gpxdata:distance>
        </extensions>
      </trkpt>
      <trkpt lat="54.470133800" lon="12.505842400">
        <ele>4.000</ele>
        <time>2021-06-07T12:32:28Z</time>
        <extensions>
          <gpxtpx:TrackPointExtension>
            <gpxtpx:atemp>21.5</gpxtpx:atemp>
            <gpxtpx:cad>0</gpxtpx:cad>
          </gpxtpx:TrackPointExtension>
          <gpxdata:distance>6.469</gpxdata:distance>
        </extensions>
      </trkpt>
      <trkpt lat="54.471085800" lon="12.505377400">
        <ele>4.000</ele>
        <time>2021-06-07T12:32:45Z</time>
        <extensions>
          <gpxtpx:TrackPointExtension>
            <gpxtpx:atemp>21.4</gpxtpx:atemp>
            <gpxtpx:cad>0</gpxtpx:cad>
          </gpxtpx:TrackPointExtension>
          <gpxdata:distance>6.336</gpxdata:distance>
        </extensions>
      </trkpt>
      <trkpt lat="54.471491800" lon="12.504999400">
        <ele>4.000</ele>
        <time>2021-06-07T12:32:53Z</time>
        <extensions>
          <gpxtpx:TrackPointExtension>
            <gpxtpx:atemp>21.3</gpxtpx:atemp>
            <gpxtpx:cad>0</gpxtpx:cad>
          </gpxtpx:TrackPointExtension>
          <gpxdata:distance>6.629</gpxdata:distance>
        </extensions>
      </trkpt>
      <trkpt lat="54.472168600" lon="12.503644200">
        <ele>4.000</ele>
        <time>2021-06-07T12:33:12Z</time>
        <extensions>
          <gpxtpx:TrackPointExtension>
            <gpxtpx:atemp>21.2</gpxtpx:atemp>
            <gpxtpx:cad>0</gpxtpx:cad>
          </gpxtpx:TrackPointExtension>
          <gpxdata:distance>5.266</gpxdata:distance>
        </extensions>
      </trkpt>
      <trkpt lat="54.472403600" lon="12.502756200">
        <ele>4.000</ele>
        <time>2021-06-07T12:33:29Z</time>
        <extensions>
          <gpxtpx:TrackPointExtension>
            <gpxtpx:atemp>21.2</gpxtpx:atemp>
            <gpxtpx:cad>0</gpxtpx:cad>
          </gpxtpx:TrackPointExtension>
          <gpxdata:distance>2.891</gpxdata:distance>
        </extensions>
      </trkpt>
      <trkpt lat="54.472366600" lon="12.502731200">
        <ele>4.000</ele>
        <time>2021-06-07T12:33:44Z</time>
        <extensions>
          <gpxtpx:TrackPointExtension>
            <gpxtpx:atemp>21.1</gpxtpx:atemp>
            <gpxtpx:cad>0</gpxtpx:cad>
          </gpxtpx:TrackPointExtension>
          <gpxdata:distance>0.297</gpxdata:distance>
        </extensions>
      </trkpt>
      <trkpt lat="54.472588900" lon="12.502723200">
        <ele>3.000</ele>
        <time>2021-06-07T12:45:16Z</time>
        <extensions>
          <gpxtpx:TrackPointExtension>
            <gpxtpx:atemp>26.8</gpxtpx:atemp>
            <gpxtpx:cad>0</gpxtpx:cad>
          </gpxtpx:TrackPointExtension>
          <gpxdata:distance>0.191</gpxdata:distance>
        </extensions>
      </trkpt>
      <trkpt lat="54.472644200" lon="12.502870900">
        <ele>3.000</ele>
        <time>2021-06-07T12:46:15Z</time>
        <extensions>
          <gpxtpx:TrackPointExtension>
            <gpxtpx:atemp>27.4</gpxtpx:atemp>
            <gpxtpx:cad>0</gpxtpx:cad>
          </gpxtpx:TrackPointExtension>
          <gpxdata:distance>11.383</gpxdata:distance>
        </extensions>
      </trkpt>
      <trkpt lat="54.472496200" lon="12.502644900">
        <ele>2.000</ele>
        <time>2021-06-07T12:46:36Z</time>
        <extensions>
          <gpxtpx:TrackPointExtension>
            <gpxtpx:atemp>27.6</gpxtpx:atemp>
            <gpxtpx:cad>0</gpxtpx:cad>
          </gpxtpx:TrackPointExtension>
          <gpxdata:distance>1.082</gpxdata:distance>
        </extensions>
      </trkpt>
      <trkpt lat="54.472471200" lon="12.502365900">
        <ele>2.000</ele>
        <time>2021-06-07T12:46:51Z</time>
        <extensions>
          <gpxtpx:TrackPointExtension>
            <gpxtpx:atemp>27.9</gpxtpx:atemp>
            <gpxtpx:cad>0</gpxtpx:cad>
          </gpxtpx:TrackPointExtension>
          <gpxdata:distance>1.254</gpxdata:distance>
        </extensions>
      </trkpt>
      <trkpt lat="54.473113300" lon="12.500938700">
        <ele>2.000</ele>
        <time>2021-06-07T12:49:43Z</time>
        <extensions>
          <gpxtpx:TrackPointExtension>
            <gpxtpx:atemp>28.4</gpxtpx:atemp>
            <gpxtpx:cad>0</gpxtpx:cad>
          </gpxtpx:TrackPointExtension>
          <gpxdata:distance>0.957</gpxdata:distance>
        </extensions>
      </trkpt>
      <trkpt lat="54.473325100" lon="12.500112900">
        <ele>-1.000</ele>
        <time>2021-06-07T12:52:39Z</time>
        <extensions>
          <gpxtpx:TrackPointExtension>
            <gpxtpx:atemp>30.3</gpxtpx:atemp>
            <gpxtpx:cad>0</gpxtpx:cad>
          </gpxtpx:TrackPointExtension>
          <gpxdata:distance>20.059</gpxdata:distance>
        </extensions>
      </trkpt>
      <trkpt lat="54.473342500" lon="12.500270400">
        <ele>-2.000</ele>
        <time>2021-06-07T12:54:37Z</time>
        <extensions>
          <gpxtpx:TrackPointExtension>
            <gpxtpx:atemp>31.0</gpxtpx:atemp>
            <gpxtpx:cad>0</gpxtpx:cad>
          </gpxtpx:TrackPointExtension>
          <gpxdata:distance>10.441</gpxdata:distance>
        </extensions>
      </trkpt>
      <trkpt lat="54.472957400" lon="12.501356300">
        <ele>1.000</ele>
        <time>2021-06-07T12:57:58Z</time>
        <extensions>
          <gpxtpx:TrackPointExtension>
            <gpxtpx:atemp>31.1</gpxtpx:atemp>
            <gpxtpx:cad>0</gpxtpx:cad>
          </gpxtpx:TrackPointExtension>
          <gpxdata:distance>0.859</gpxdata:distance>
        </extensions>
      </trkpt>
      <trkpt lat="54.472544200" lon="12.502223700">
        <ele>-1.000</ele>
        <time>2021-06-07T12:59:30Z</time>
        <extensions>
          <gpxtpx:TrackPointExtension>
            <gpxtpx:atemp>30.8</gpxtpx:atemp>
            <gpxtpx:cad>0</gpxtpx:cad>
          </gpxtpx:TrackPointExtension>
          <gpxdata:distance>0.352</gpxdata:distance>
        </extensions>
      </trkpt>
      <trkpt lat="54.472447700" lon="12.502754500">
        <ele>-1.000</ele>
        <time>2021-06-07T13:00:11Z</time>
        <extensions>
          <gpxtpx:TrackPointExtension>
            <gpxtpx:atemp>30.4</gpxtpx:atemp>
            <gpxtpx:cad>0</gpxtpx:cad>
          </gpxtpx:TrackPointExtension>
          <gpxdata:distance>0.895</gpxdata:distance>
        </extensions>
      </trkpt>
      <trkpt lat="54.472362400" lon="12.502685300">
        <ele>-2.000</ele>
        <time>2021-06-07T13:05:30Z</time>
        <extensions>
          <gpxtpx:TrackPointExtension>
            <gpxtpx:atemp>29.9</gpxtpx:atemp>
            <gpxtpx:cad>0</gpxtpx:cad>
          </gpxtpx:TrackPointExtension>
          <gpxdata:distance>0.176</gpxdata:distance>
        </extensions>
      </trkpt>
      <trkpt lat="54.472405900" lon="12.502753200">
        <ele>-2.000</ele>
        <time>2021-06-07T13:10:13Z</time>
        <extensions>
          <gpxtpx:TrackPointExtension>
            <gpxtpx:atemp>29.9</gpxtpx:atemp>
            <gpxtpx:cad>0</gpxtpx:cad>
          </gpxtpx:TrackPointExtension>
          <gpxdata:distance>6.543</gpxdata:distance>
        </extensions>
      </trkpt>
      <trkpt lat="54.472128900" lon="12.503749200">
        <ele>-2.000</ele>
        <time>2021-06-07T13:10:42Z</time>
        <extensions>
          <gpxtpx:TrackPointExtension>
            <gpxtpx:atemp>29.9</gpxtpx:atemp>
            <gpxtpx:cad>0</gpxtpx:cad>
          </gpxtpx:TrackPointExtension>
          <gpxdata:distance>5.156</gpxdata:distance>
        </extensions>
      </trkpt>
      <trkpt lat="54.471365300" lon="12.505187000">
        <ele>-2.000</ele>
        <time>2021-06-07T13:11:06Z</time>
        <extensions>
          <gpxtpx:TrackPointExtension>
            <gpxtpx:atemp>29.7</gpxtpx:atemp>
            <gpxtpx:cad>0</gpxtpx:cad>
          </gpxtpx:TrackPointExtension>
          <gpxdata:distance>5.367</gpxdata:distance>
        </extensions>
      </trkpt>
      <trkpt lat="54.469262300" lon="12.506546000">
        <ele>-1.000</ele>
        <time>2021-06-07T13:11:46Z</time>
        <extensions>
          <gpxtpx:TrackPointExtension>
            <gpxtpx:atemp>29.2</gpxtpx:atemp>
            <gpxtpx:cad>0</gpxtpx:cad>
          </gpxtpx:TrackPointExtension>
          <gpxdata:distance>6.727</gpxdata:distance>
        </extensions>
      </trkpt>
      <trkpt lat="54.467747600" lon="12.508038100">
        <ele>-1.000</ele>
        <time>2021-06-07T13:12:15Z</time>
        <extensions>
          <gpxtpx:TrackPointExtension>
            <gpxtpx:atemp>28.8</gpxtpx:atemp>
            <gpxtpx:cad>0</gpxtpx:cad>
          </gpxtpx:TrackPointExtension>
          <gpxdata:distance>6.902</gpxdata:distance>
        </extensions>
      </trkpt>
      <trkpt lat="54.465385600" lon="12.511232500">
        <ele>-1.000</ele>
        <time>2021-06-07T13:13:04Z</time>
        <extensions>
          <gpxtpx:TrackPointExtension>
            <gpxtpx:atemp>28.3</gpxtpx:atemp>
            <gpxtpx:cad>0</gpxtpx:cad>
          </gpxtpx:TrackPointExtension>
          <gpxdata:distance>6.828</gpxdata:distance>
        </extensions>
      </trkpt>
      <trkpt lat="54.464183600" lon="12.513047500">
        <ele>0.000</ele>
        <time>2021-06-07T13:13:32Z</time>
        <extensions>
          <gpxtpx:TrackPointExtension>
            <gpxtpx:atemp>27.9</gpxtpx:atemp>
            <gpxtpx:cad>0</gpxtpx:cad>
          </gpxtpx:TrackPointExtension>
          <gpxdata:distance>6.129</gpxdata:distance>
        </extensions>
      </trkpt>
      <trkpt lat="54.463032000" lon="12.515443900">
        <ele>0.000</ele>
        <time>2021-06-07T13:14:03Z</time>
        <extensions>
          <gpxtpx:TrackPointExtension>
            <gpxtpx:atemp>27.6</gpxtpx:atemp>
            <gpxtpx:cad>0</gpxtpx:cad>
          </gpxtpx:TrackPointExtension>
          <gpxdata:distance>6.023</gpxdata:distance>
        </extensions>
      </trkpt>
      <trkpt lat="54.462834000" lon="12.515507900">
        <ele>0.000</ele>
        <time>2021-06-07T13:14:08Z</time>
        <extensions>
          <gpxtpx:TrackPointExtension>
            <gpxtpx:atemp>27.6</gpxtpx:atemp>
            <gpxtpx:cad>0</gpxtpx:cad>
          </gpxtpx:TrackPointExtension>
          <gpxdata:distance>3.973</gpxdata:distance>
        </extensions>
      </trkpt>
      <trkpt lat="54.461685000" lon="12.514909900">
        <ele>0.000</ele>
        <time>2021-06-07T13:14:28Z</time>
        <extensions>
          <gpxtpx:TrackPointExtension>
            <gpxtpx:atemp>27.4</gpxtpx:atemp>
            <gpxtpx:cad>0</gpxtpx:cad>
          </gpxtpx:TrackPointExtension>
          <gpxdata:distance>6.68</gpxdata:distance>
        </extensions>
      </trkpt>
      <trkpt lat="54.449909500" lon="12.510339600">
        <ele>1.000</ele>
        <time>2021-06-07T13:18:29Z</time>
        <extensions>
          <gpxtpx:TrackPointExtension>
            <gpxtpx:atemp>26.5</gpxtpx:atemp>
            <gpxtpx:cad>0</gpxtpx:cad>
          </gpxtpx:TrackPointExtension>
          <gpxdata:distance>0.445</gpxdata:distance>
        </extensions>
      </trkpt>
      <trkpt lat="54.449971000" lon="12.510275400">
        <ele>1.000</ele>
        <time>2021-06-07T13:19:09Z</time>
        <extensions>
          <gpxtpx:TrackPointExtension>
            <gpxtpx:atemp>26.5</gpxtpx:atemp>
            <gpxtpx:cad>0</gpxtpx:cad>
          </gpxtpx:TrackPointExtension>
          <gpxdata:distance>0.0</gpxdata:distance>
        </extensions>
      </trkpt>
      <trkpt lat="54.449960000" lon="12.510383400">
        <ele>1.000</ele>
        <time>2021-06-07T13:19:51Z</time>
        <extensions>
          <gpxtpx:TrackPointExtension>
            <gpxtpx:atemp>26.7</gpxtpx:atemp>
            <gpxtpx:cad>0</gpxtpx:cad>
          </gpxtpx:TrackPointExtension>
          <gpxdata:distance>0.031</gpxdata:distance>
        </extensions>
      </trkpt>
      <trkpt lat="54.437133100" lon="12.505340200">
        <ele>1.000</ele>
        <time>2021-06-07T13:24:28Z</time>
        <extensions>
          <gpxtpx:TrackPointExtension>
            <gpxtpx:atemp>25.9</gpxtpx:atemp>
            <gpxtpx:cad>0</gpxtpx:cad>
          </gpxtpx:TrackPointExtension>
          <gpxdata:distance>0.418</gpxdata:distance>
        </extensions>
      </trkpt>
      <trkpt lat="54.437303300" lon="12.505435500">
        <ele>1.000</ele>
        <time>2021-06-07T13:25:35Z</time>
        <extensions>
          <gpxtpx:TrackPointExtension>
            <gpxtpx:atemp>25.9</gpxtpx:atemp>
            <gpxtpx:cad>0</gpxtpx:cad>
          </gpxtpx:TrackPointExtension>
          <gpxdata:distance>4.762</gpxdata:distance>
        </extensions>
      </trkpt>
      <trkpt lat="54.420484800" lon="12.498845000">
        <ele>1.000</ele>
        <time>2021-06-07T13:31:04Z</time>
        <extensions>
          <gpxtpx:TrackPointExtension>
            <gpxtpx:atemp>25.1</gpxtpx:atemp>
            <gpxtpx:cad>0</gpxtpx:cad>
          </gpxtpx:TrackPointExtension>
          <gpxdata:distance>4.266</gpxdata:distance>
        </extensions>
      </trkpt>
      <trkpt lat="54.420424800" lon="12.499237000">
        <ele>5.000</ele>
        <time>2021-06-07T13:31:20Z</time>
        <extensions>
          <gpxtpx:TrackPointExtension>
            <gpxtpx:atemp>25.1</gpxtpx:atemp>
            <gpxtpx:cad>0</gpxtpx:cad>
          </gpxtpx:TrackPointExtension>
          <gpxdata:distance>1.973</gpxdata:distance>
        </extensions>
      </trkpt>
      <trkpt lat="54.419865600" lon="12.500788800">
        <ele>6.000</ele>
        <time>2021-06-07T13:32:03Z</time>
        <extensions>
          <gpxtpx:TrackPointExtension>
            <gpxtpx:atemp>25.1</gpxtpx:atemp>
            <gpxtpx:cad>0</gpxtpx:cad>
          </gpxtpx:TrackPointExtension>
          <gpxdata:distance>4.027</gpxdata:distance>
        </extensions>
      </trkpt>
      <trkpt lat="54.419249600" lon="12.502072800">
        <ele>5.000</ele>
        <time>2021-06-07T13:32:35Z</time>
        <extensions>
          <gpxtpx:TrackPointExtension>
            <gpxtpx:atemp>25.1</gpxtpx:atemp>
            <gpxtpx:cad>0</gpxtpx:cad>
          </gpxtpx:TrackPointExtension>
          <gpxdata:distance>3.008</gpxdata:distance>
        </extensions>
      </trkpt>
      <trkpt lat="54.417437100" lon="12.504363200">
        <ele>6.000</ele>
        <time>2021-06-07T13:33:50Z</time>
        <extensions>
          <gpxtpx:TrackPointExtension>
            <gpxtpx:atemp>25.3</gpxtpx:atemp>
            <gpxtpx:cad>0</gpxtpx:cad>
          </gpxtpx:TrackPointExtension>
          <gpxdata:distance>4.488</gpxdata:distance>
        </extensions>
      </trkpt>
      <trkpt lat="54.416310700" lon="12.505019500">
        <ele>8.000</ele>
        <time>2021-06-07T13:34:37Z</time>
        <extensions>
          <gpxtpx:TrackPointExtension>
            <gpxtpx:atemp>25.5</gpxtpx:atemp>
            <gpxtpx:cad>0</gpxtpx:cad>
          </gpxtpx:TrackPointExtension>
          <gpxdata:distance>2.18</gpxdata:distance>
        </extensions>
      </trkpt>
      <trkpt lat="54.416047700" lon="12.505041500">
        <ele>8.000</ele>
        <time>2021-06-07T13:34:50Z</time>
        <extensions>
          <gpxtpx:TrackPointExtension>
            <gpxtpx:atemp>25.6</gpxtpx:atemp>
            <gpxtpx:cad>0</gpxtpx:cad>
          </gpxtpx:TrackPointExtension>
          <gpxdata:distance>3.215</gpxdata:distance>
        </extensions>
      </trkpt>
      <trkpt lat="54.415238600" lon="12.505435800">
        <ele>8.000</ele>
        <time>2021-06-07T13:35:12Z</time>
        <extensions>
          <gpxtpx:TrackPointExtension>
            <gpxtpx:atemp>25.7</gpxtpx:atemp>
            <gpxtpx:cad>0</gpxtpx:cad>
          </gpxtpx:TrackPointExtension>
          <gpxdata:distance>4.523</gpxdata:distance>
        </extensions>
      </trkpt>
      <trkpt lat="54.414714600" lon="12.505809800">
        <ele>8.000</ele>
        <time>2021-06-07T13:35:24Z</time>
        <extensions>
          <gpxtpx:TrackPointExtension>
            <gpxtpx:atemp>25.8</gpxtpx:atemp>
            <gpxtpx:cad>0</gpxtpx:cad>
          </gpxtpx:TrackPointExtension>
          <gpxdata:distance>5.355</gpxdata:distance>
        </extensions>
      </trkpt>
      <trkpt lat="54.412538000" lon="12.507969700">
        <ele>8.000</ele>
        <time>2021-06-07T13:36:16Z</time>
        <extensions>
          <gpxtpx:TrackPointExtension>
            <gpxtpx:atemp>26.0</gpxtpx:atemp>
            <gpxtpx:cad>0</gpxtpx:cad>
          </gpxtpx:TrackPointExtension>
          <gpxdata:distance>5.191</gpxdata:distance>
        </extensions>
      </trkpt>
      <trkpt lat="54.411491000" lon="12.509148700">
        <ele>9.000</ele>
        <time>2021-06-07T13:36:40Z</time>
        <extensions>
          <gpxtpx:TrackPointExtension>
            <gpxtpx:atemp>26.0</gpxtpx:atemp>
            <gpxtpx:cad>0</gpxtpx:cad>
          </gpxtpx:TrackPointExtension>
          <gpxdata:distance>4.219</gpxdata:distance>
        </extensions>
      </trkpt>
      <trkpt lat="54.411489000" lon="12.509269700">
        <ele>8.000</ele>
        <time>2021-06-07T13:36:43Z</time>
        <extensions>
          <gpxtpx:TrackPointExtension>
            <gpxtpx:atemp>26.0</gpxtpx:atemp>
            <gpxtpx:cad>0</gpxtpx:cad>
          </gpxtpx:TrackPointExtension>
          <gpxdata:distance>2.621</gpxdata:distance>
        </extensions>
      </trkpt>
      <trkpt lat="54.411567000" lon="12.509228700">
        <ele>8.000</ele>
        <time>2021-06-07T13:36:47Z</time>
        <extensions>
          <gpxtpx:TrackPointExtension>
            <gpxtpx:atemp>26.0</gpxtpx:atemp>
            <gpxtpx:cad>0</gpxtpx:cad>
          </gpxtpx:TrackPointExtension>
          <gpxdata:distance>2.27</gpxdata:distance>
        </extensions>
      </trkpt>
      <trkpt lat="54.409937700" lon="12.509940900">
        <ele>8.000</ele>
        <time>2021-06-07T13:37:28Z</time>
        <extensions>
          <gpxtpx:TrackPointExtension>
            <gpxtpx:atemp>26.1</gpxtpx:atemp>
            <gpxtpx:cad>0</gpxtpx:cad>
          </gpxtpx:TrackPointExtension>
          <gpxdata:distance>5.441</gpxdata:distance>
        </extensions>
      </trkpt>
      <trkpt lat="54.409177700" lon="12.509856900">
        <ele>10.000</ele>
        <time>2021-06-07T13:37:42Z</time>
        <extensions>
          <gpxtpx:TrackPointExtension>
            <gpxtpx:atemp>26.1</gpxtpx:atemp>
            <gpxtpx:cad>0</gpxtpx:cad>
          </gpxtpx:TrackPointExtension>
          <gpxdata:distance>5.902</gpxdata:distance>
        </extensions>
      </trkpt>
      <trkpt lat="54.408541700" lon="12.510028900">
        <ele>10.000</ele>
        <time>2021-06-07T13:37:54Z</time>
        <extensions>
          <gpxtpx:TrackPointExtension>
            <gpxtpx:atemp>26.1</gpxtpx:atemp>
            <gpxtpx:cad>0</gpxtpx:cad>
          </gpxtpx:TrackPointExtension>
          <gpxdata:distance>5.887</gpxdata:distance>
        </extensions>
      </trkpt>
      <trkpt lat="54.407795600" lon="12.510439700">
        <ele>9.000</ele>
        <time>2021-06-07T13:38:09Z</time>
        <extensions>
          <gpxtpx:TrackPointExtension>
            <gpxtpx:atemp>26.1</gpxtpx:atemp>
            <gpxtpx:cad>0</gpxtpx:cad>
          </gpxtpx:TrackPointExtension>
          <gpxdata:distance>5.215</gpxdata:distance>
        </extensions>
      </trkpt>
      <trkpt lat="54.407524600" lon="12.510480700">
        <ele>9.000</ele>
        <time>2021-06-07T13:38:15Z</time>
        <extensions>
          <gpxtpx:TrackPointExtension>
            <gpxtpx:atemp>26.1</gpxtpx:atemp>
            <gpxtpx:cad>0</gpxtpx:cad>
          </gpxtpx:TrackPointExtension>
          <gpxdata:distance>5.051</gpxdata:distance>
        </extensions>
      </trkpt>
      <trkpt lat="54.407081600" lon="12.510832700">
        <ele>9.000</ele>
        <time>2021-06-07T13:38:25Z</time>
        <extensions>
          <gpxtpx:TrackPointExtension>
            <gpxtpx:atemp>26.1</gpxtpx:atemp>
            <gpxtpx:cad>0</gpxtpx:cad>
          </gpxtpx:TrackPointExtension>
          <gpxdata:distance>5.801</gpxdata:distance>
        </extensions>
      </trkpt>
      <trkpt lat="54.405983600" lon="12.511311700">
        <ele>9.000</ele>
        <time>2021-06-07T13:38:47Z</time>
        <extensions>
          <gpxtpx:TrackPointExtension>
            <gpxtpx:atemp>26.1</gpxtpx:atemp>
            <gpxtpx:cad>0</gpxtpx:cad>
          </gpxtpx:TrackPointExtension>
          <gpxdata:distance>6.207</gpxdata:distance>
        </extensions>
      </trkpt>
      <trkpt lat="54.405053700" lon="12.511865400">
        <ele>6.000</ele>
        <time>2021-06-07T13:39:05Z</time>
        <extensions>
          <gpxtpx:TrackPointExtension>
            <gpxtpx:atemp>26.0</gpxtpx:atemp>
            <gpxtpx:cad>0</gpxtpx:cad>
          </gpxtpx:TrackPointExtension>
          <gpxdata:distance>5.77</gpxdata:distance>
        </extensions>
      </trkpt>
      <trkpt lat="54.404760700" lon="12.511915400">
        <ele>6.000</ele>
        <time>2021-06-07T13:39:11Z</time>
        <extensions>
          <gpxtpx:TrackPointExtension>
            <gpxtpx:atemp>26.0</gpxtpx:atemp>
            <gpxtpx:cad>0</gpxtpx:cad>
          </gpxtpx:TrackPointExtension>
          <gpxdata:distance>5.301</gpxdata:distance>
        </extensions>
      </trkpt>
      <trkpt lat="54.403887700" lon="12.512543400">
        <ele>7.000</ele>
        <time>2021-06-07T13:39:31Z</time>
        <extensions>
          <gpxtpx:TrackPointExtension>
            <gpxtpx:atemp>26.0</gpxtpx:atemp>
            <gpxtpx:cad>0</gpxtpx:cad>
          </gpxtpx:TrackPointExtension>
          <gpxdata:distance>5.602</gpxdata:distance>
        </extensions>
      </trkpt>
      <trkpt lat="54.403570700" lon="12.512591400">
        <ele>6.000</ele>
        <time>2021-06-07T13:39:37Z</time>
        <extensions>
          <gpxtpx:TrackPointExtension>
            <gpxtpx:atemp>26.0</gpxtpx:atemp>
            <gpxtpx:cad>0</gpxtpx:cad>
          </gpxtpx:TrackPointExtension>
          <gpxdata:distance>5.629</gpxdata:distance>
        </extensions>
      </trkpt>
      <trkpt lat="54.402860700" lon="12.513061400">
        <ele>6.000</ele>
        <time>2021-06-07T13:39:52Z</time>
        <extensions>
          <gpxtpx:TrackPointExtension>
            <gpxtpx:atemp>26.0</gpxtpx:atemp>
            <gpxtpx:cad>0</gpxtpx:cad>
          </gpxtpx:TrackPointExtension>
          <gpxdata:distance>4.828</gpxdata:distance>
        </extensions>
      </trkpt>
      <trkpt lat="54.401025600" lon="12.514828300">
        <ele>6.000</ele>
        <time>2021-06-07T13:42:25Z</time>
        <extensions>
          <gpxtpx:TrackPointExtension>
            <gpxtpx:atemp>26.1</gpxtpx:atemp>
            <gpxtpx:cad>0</gpxtpx:cad>
          </gpxtpx:TrackPointExtension>
          <gpxdata:distance>5.066</gpxdata:distance>
        </extensions>
      </trkpt>
      <trkpt lat="54.398943100" lon="12.517489500">
        <ele>6.000</ele>
        <time>2021-06-07T13:43:23Z</time>
        <extensions>
          <gpxtpx:TrackPointExtension>
            <gpxtpx:atemp>26.1</gpxtpx:atemp>
            <gpxtpx:cad>0</gpxtpx:cad>
          </gpxtpx:TrackPointExtension>
          <gpxdata:distance>6.0</gpxdata:distance>
        </extensions>
      </trkpt>
      <trkpt lat="54.396983000" lon="12.519765500">
        <ele>6.000</ele>
        <time>2021-06-07T13:44:07Z</time>
        <extensions>
          <gpxtpx:TrackPointExtension>
            <gpxtpx:atemp>26.1</gpxtpx:atemp>
            <gpxtpx:cad>0</gpxtpx:cad>
          </gpxtpx:TrackPointExtension>
          <gpxdata:distance>6.75</gpxdata:distance>
        </extensions>
      </trkpt>
      <trkpt lat="54.396131000" lon="12.520508500">
        <ele>6.000</ele>
        <time>2021-06-07T13:44:23Z</time>
        <extensions>
          <gpxtpx:TrackPointExtension>
            <gpxtpx:atemp>26.1</gpxtpx:atemp>
            <gpxtpx:cad>0</gpxtpx:cad>
          </gpxtpx:TrackPointExtension>
          <gpxdata:distance>7.145</gpxdata:distance>
        </extensions>
      </trkpt>
      <trkpt lat="54.395335000" lon="12.521777500">
        <ele>6.000</ele>
        <time>2021-06-07T13:44:41Z</time>
        <extensions>
          <gpxtpx:TrackPointExtension>
            <gpxtpx:atemp>26.1</gpxtpx:atemp>
            <gpxtpx:cad>0</gpxtpx:cad>
          </gpxtpx:TrackPointExtension>
          <gpxdata:distance>6.48</gpxdata:distance>
        </extensions>
      </trkpt>
      <trkpt lat="54.394459000" lon="12.522748500">
        <ele>6.000</ele>
        <time>2021-06-07T13:44:59Z</time>
        <extensions>
          <gpxtpx:TrackPointExtension>
            <gpxtpx:atemp>26.1</gpxtpx:atemp>
            <gpxtpx:cad>0</gpxtpx:cad>
          </gpxtpx:TrackPointExtension>
          <gpxdata:distance>6.086</gpxdata:distance>
        </extensions>
      </trkpt>
      <trkpt lat="54.393969000" lon="12.523081500">
        <ele>6.000</ele>
        <time>2021-06-07T13:45:09Z</time>
        <extensions>
          <gpxtpx:TrackPointExtension>
            <gpxtpx:atemp>26.1</gpxtpx:atemp>
            <gpxtpx:cad>0</gpxtpx:cad>
          </gpxtpx:TrackPointExtension>
          <gpxdata:distance>6.434</gpxdata:distance>
        </extensions>
      </trkpt>
      <trkpt lat="54.393140000" lon="12.524142500">
        <ele>6.000</ele>
        <time>2021-06-07T13:45:29Z</time>
        <extensions>
          <gpxtpx:TrackPointExtension>
            <gpxtpx:atemp>26.0</gpxtpx:atemp>
            <gpxtpx:cad>0</gpxtpx:cad>
          </gpxtpx:TrackPointExtension>
          <gpxdata:distance>3.355</gpxdata:distance>
        </extensions>
      </trkpt>
      <trkpt lat="54.392583000" lon="12.525086500">
        <ele>6.000</ele>
        <time>2021-06-07T13:45:50Z</time>
        <extensions>
          <gpxtpx:TrackPointExtension>
            <gpxtpx:atemp>25.9</gpxtpx:atemp>
            <gpxtpx:cad>0</gpxtpx:cad>
          </gpxtpx:TrackPointExtension>
          <gpxdata:distance>5.785</gpxdata:distance>
        </extensions>
      </trkpt>
      <trkpt lat="54.392083700" lon="12.525671800">
        <ele>6.000</ele>
        <time>2021-06-07T13:46:02Z</time>
        <extensions>
          <gpxtpx:TrackPointExtension>
            <gpxtpx:atemp>25.9</gpxtpx:atemp>
            <gpxtpx:cad>0</gpxtpx:cad>
          </gpxtpx:TrackPointExtension>
          <gpxdata:distance>5.43</gpxdata:distance>
        </extensions>
      </trkpt>
      <trkpt lat="54.389390900" lon="12.529493800">
        <ele>6.000</ele>
        <time>2021-06-07T13:47:24Z</time>
        <extensions>
          <gpxtpx:TrackPointExtension>
            <gpxtpx:atemp>25.7</gpxtpx:atemp>
            <gpxtpx:cad>0</gpxtpx:cad>
          </gpxtpx:TrackPointExtension>
          <gpxdata:distance>0.832</gpxdata:distance>
        </extensions>
      </trkpt>
      <trkpt lat="54.389212900" lon="12.529422800">
        <ele>6.000</ele>
        <time>2021-06-07T13:47:51Z</time>
        <extensions>
          <gpxtpx:TrackPointExtension>
            <gpxtpx:atemp>25.7</gpxtpx:atemp>
            <gpxtpx:cad>0</gpxtpx:cad>
          </gpxtpx:TrackPointExtension>
          <gpxdata:distance>3.145</gpxdata:distance>
        </extensions>
      </trkpt>
      <trkpt lat="54.388980900" lon="12.529579800">
        <ele>6.000</ele>
        <time>2021-06-07T13:47:59Z</time>
        <extensions>
          <gpxtpx:TrackPointExtension>
            <gpxtpx:atemp>25.7</gpxtpx:atemp>
            <gpxtpx:cad>0</gpxtpx:cad>
          </gpxtpx:TrackPointExtension>
          <gpxdata:distance>3.734</gpxdata:distance>
        </extensions>
      </trkpt>
      <trkpt lat="54.387751200" lon="12.531607700">
        <ele>6.000</ele>
        <time>2021-06-07T13:48:41Z</time>
        <extensions>
          <gpxtpx:TrackPointExtension>
            <gpxtpx:atemp>26.1</gpxtpx:atemp>
            <gpxtpx:cad>0</gpxtpx:cad>
          </gpxtpx:TrackPointExtension>
          <gpxdata:distance>4.57</gpxdata:distance>
        </extensions>
      </trkpt>
      <trkpt lat="54.387464200" lon="12.532273700">
        <ele>6.000</ele>
        <time>2021-06-07T13:48:54Z</time>
        <extensions>
          <gpxtpx:TrackPointExtension>
            <gpxtpx:atemp>26.2</gpxtpx:atemp>
            <gpxtpx:cad>0</gpxtpx:cad>
          </gpxtpx:TrackPointExtension>
          <gpxdata:distance>4.398</gpxdata:distance>
        </extensions>
      </trkpt>
      <trkpt lat="54.387305200" lon="12.532357700">
        <ele>6.000</ele>
        <time>2021-06-07T13:48:58Z</time>
        <extensions>
          <gpxtpx:TrackPointExtension>
            <gpxtpx:atemp>26.2</gpxtpx:atemp>
            <gpxtpx:cad>0</gpxtpx:cad>
          </gpxtpx:TrackPointExtension>
          <gpxdata:distance>4.41</gpxdata:distance>
        </extensions>
      </trkpt>
      <trkpt lat="54.387074300" lon="12.532312600">
        <ele>6.000</ele>
        <time>2021-06-07T13:49:04Z</time>
        <extensions>
          <gpxtpx:TrackPointExtension>
            <gpxtpx:atemp>26.2</gpxtpx:atemp>
            <gpxtpx:cad>0</gpxtpx:cad>
          </gpxtpx:TrackPointExtension>
          <gpxdata:distance>4.004</gpxdata:distance>
        </extensions>
      </trkpt>
      <trkpt lat="54.385990300" lon="12.530927600">
        <ele>6.000</ele>
        <time>2021-06-07T13:49:38Z</time>
        <extensions>
          <gpxtpx:TrackPointExtension>
            <gpxtpx:atemp>26.3</gpxtpx:atemp>
            <gpxtpx:cad>0</gpxtpx:cad>
          </gpxtpx:TrackPointExtension>
          <gpxdata:distance>0.324</gpxdata:distance>
        </extensions>
      </trkpt>
      <trkpt lat="54.385942100" lon="12.530995900">
        <ele>5.000</ele>
        <time>2021-06-07T13:50:48Z</time>
        <extensions>
          <gpxtpx:TrackPointExtension>
            <gpxtpx:atemp>27.1</gpxtpx:atemp>
            <gpxtpx:cad>0</gpxtpx:cad>
          </gpxtpx:TrackPointExtension>
          <gpxdata:distance>0.148</gpxdata:distance>
        </extensions>
      </trkpt>
      <trkpt lat="54.385747800" lon="12.530745900">
        <ele>5.000</ele>
        <time>2021-06-07T13:51:25Z</time>
        <extensions>
          <gpxtpx:TrackPointExtension>
            <gpxtpx:atemp>27.6</gpxtpx:atemp>
            <gpxtpx:cad>0</gpxtpx:cad>
          </gpxtpx:TrackPointExtension>
          <gpxdata:distance>1.535</gpxdata:distance>
        </extensions>
      </trkpt>
      <trkpt lat="54.385385900" lon="12.530519800">
        <ele>5.000</ele>
        <time>2021-06-07T13:52:09Z</time>
        <extensions>
          <gpxtpx:TrackPointExtension>
            <gpxtpx:atemp>28.1</gpxtpx:atemp>
            <gpxtpx:cad>0</gpxtpx:cad>
          </gpxtpx:TrackPointExtension>
          <gpxdata:distance>2.312</gpxdata:distance>
        </extensions>
      </trkpt>
      <trkpt lat="54.385301900" lon="12.530594800">
        <ele>5.000</ele>
        <time>2021-06-07T13:52:18Z</time>
        <extensions>
          <gpxtpx:TrackPointExtension>
            <gpxtpx:atemp>28.2</gpxtpx:atemp>
            <gpxtpx:cad>0</gpxtpx:cad>
          </gpxtpx:TrackPointExtension>
          <gpxdata:distance>0.805</gpxdata:distance>
        </extensions>
      </trkpt>
      <trkpt lat="54.385244400" lon="12.530311200">
        <ele>5.000</ele>
        <time>2021-06-07T13:53:21Z</time>
        <extensions>
          <gpxtpx:TrackPointExtension>
            <gpxtpx:atemp>29.1</gpxtpx:atemp>
            <gpxtpx:cad>0</gpxtpx:cad>
          </gpxtpx:TrackPointExtension>
          <gpxdata:distance>2.469</gpxdata:distance>
        </extensions>
      </trkpt>
      <trkpt lat="54.384591400" lon="12.530653200">
        <ele>5.000</ele>
        <time>2021-06-07T13:53:47Z</time>
        <extensions>
          <gpxtpx:TrackPointExtension>
            <gpxtpx:atemp>29.3</gpxtpx:atemp>
            <gpxtpx:cad>0</gpxtpx:cad>
          </gpxtpx:TrackPointExtension>
          <gpxdata:distance>3.07</gpxdata:distance>
        </extensions>
      </trkpt>
      <trkpt lat="54.383888700" lon="12.530873400">
        <ele>5.000</ele>
        <time>2021-06-07T13:54:07Z</time>
        <extensions>
          <gpxtpx:TrackPointExtension>
            <gpxtpx:atemp>29.5</gpxtpx:atemp>
            <gpxtpx:cad>0</gpxtpx:cad>
          </gpxtpx:TrackPointExtension>
          <gpxdata:distance>3.938</gpxdata:distance>
        </extensions>
      </trkpt>
      <trkpt lat="54.382359700" lon="12.531079400">
        <ele>4.000</ele>
        <time>2021-06-07T13:54:48Z</time>
        <extensions>
          <gpxtpx:TrackPointExtension>
            <gpxtpx:atemp>29.6</gpxtpx:atemp>
            <gpxtpx:cad>0</gpxtpx:cad>
          </gpxtpx:TrackPointExtension>
          <gpxdata:distance>4.117</gpxdata:distance>
        </extensions>
      </trkpt>
      <trkpt lat="54.381364700" lon="12.530621900">
        <ele>4.000</ele>
        <time>2021-06-07T13:55:56Z</time>
        <extensions>
          <gpxtpx:TrackPointExtension>
            <gpxtpx:atemp>30.1</gpxtpx:atemp>
            <gpxtpx:cad>0</gpxtpx:cad>
          </gpxtpx:TrackPointExtension>
          <gpxdata:distance>0.523</gpxdata:distance>
        </extensions>
      </trkpt>
      <trkpt lat="54.381540900" lon="12.530693600">
        <ele>2.000</ele>
        <time>2021-06-07T13:58:23Z</time>
        <extensions>
          <gpxtpx:TrackPointExtension>
            <gpxtpx:atemp>30.6</gpxtpx:atemp>
            <gpxtpx:cad>0</gpxtpx:cad>
          </gpxtpx:TrackPointExtension>
          <gpxdata:distance>1.004</gpxdata:distance>
        </extensions>
      </trkpt>
      <trkpt lat="54.381555900" lon="12.530467600">
        <ele>1.000</ele>
        <time>2021-06-07T13:58:40Z</time>
        <extensions>
          <gpxtpx:TrackPointExtension>
            <gpxtpx:atemp>30.6</gpxtpx:atemp>
            <gpxtpx:cad>0</gpxtpx:cad>
          </gpxtpx:TrackPointExtension>
          <gpxdata:distance>1.113</gpxdata:distance>
        </extensions>
      </trkpt>
      <trkpt lat="54.381561300" lon="12.530673900">
        <ele>1.000</ele>
        <time>2021-06-07T13:59:10Z</time>
        <extensions>
          <gpxtpx:TrackPointExtension>
            <gpxtpx:atemp>30.8</gpxtpx:atemp>
            <gpxtpx:cad>0</gpxtpx:cad>
          </gpxtpx:TrackPointExtension>
          <gpxdata:distance>0.18</gpxdata:distance>
        </extensions>
      </trkpt>
      <trkpt lat="54.382337700" lon="12.531102600">
        <ele>1.000</ele>
        <time>2021-06-07T14:00:31Z</time>
        <extensions>
          <gpxtpx:TrackPointExtension>
            <gpxtpx:atemp>31.1</gpxtpx:atemp>
            <gpxtpx:cad>0</gpxtpx:cad>
          </gpxtpx:TrackPointExtension>
          <gpxdata:distance>4.105</gpxdata:distance>
        </extensions>
      </trkpt>
      <trkpt lat="54.384028600" lon="12.530928200">
        <ele>2.000</ele>
        <time>2021-06-07T14:01:20Z</time>
        <extensions>
          <gpxtpx:TrackPointExtension>
            <gpxtpx:atemp>31.1</gpxtpx:atemp>
            <gpxtpx:cad>0</gpxtpx:cad>
          </gpxtpx:TrackPointExtension>
          <gpxdata:distance>4.555</gpxdata:distance>
        </extensions>
      </trkpt>
      <trkpt lat="54.385409600" lon="12.530448200">
        <ele>4.000</ele>
        <time>2021-06-07T14:01:56Z</time>
        <extensions>
          <gpxtpx:TrackPointExtension>
            <gpxtpx:atemp>31.2</gpxtpx:atemp>
            <gpxtpx:cad>0</gpxtpx:cad>
          </gpxtpx:TrackPointExtension>
          <gpxdata:distance>4.246</gpxdata:distance>
        </extensions>
      </trkpt>
      <trkpt lat="54.385708300" lon="12.530647100">
        <ele>2.000</ele>
        <time>2021-06-07T14:02:04Z</time>
        <extensions>
          <gpxtpx:TrackPointExtension>
            <gpxtpx:atemp>31.2</gpxtpx:atemp>
            <gpxtpx:cad>0</gpxtpx:cad>
          </gpxtpx:TrackPointExtension>
          <gpxdata:distance>4.586</gpxdata:distance>
        </extensions>
      </trkpt>
      <trkpt lat="54.387084300" lon="12.532321100">
        <ele>3.000</ele>
        <time>2021-06-07T14:02:43Z</time>
        <extensions>
          <gpxtpx:TrackPointExtension>
            <gpxtpx:atemp>30.9</gpxtpx:atemp>
            <gpxtpx:cad>0</gpxtpx:cad>
          </gpxtpx:TrackPointExtension>
          <gpxdata:distance>3.633</gpxdata:distance>
        </extensions>
      </trkpt>
      <trkpt lat="54.387374300" lon="12.532216100">
        <ele>3.000</ele>
        <time>2021-06-07T14:02:54Z</time>
        <extensions>
          <gpxtpx:TrackPointExtension>
            <gpxtpx:atemp>30.8</gpxtpx:atemp>
            <gpxtpx:cad>0</gpxtpx:cad>
          </gpxtpx:TrackPointExtension>
          <gpxdata:distance>2.992</gpxdata:distance>
        </extensions>
      </trkpt>
      <trkpt lat="54.387521600" lon="12.532024800">
        <ele>3.000</ele>
        <time>2021-06-07T14:03:08Z</time>
        <extensions>
          <gpxtpx:TrackPointExtension>
            <gpxtpx:atemp>30.7</gpxtpx:atemp>
            <gpxtpx:cad>0</gpxtpx:cad>
          </gpxtpx:TrackPointExtension>
          <gpxdata:distance>0.449</gpxdata:distance>
        </extensions>
      </trkpt>
      <trkpt lat="54.387456600" lon="12.532164800">
        <ele>4.000</ele>
        <time>2021-06-07T14:03:56Z</time>
        <extensions>
          <gpxtpx:TrackPointExtension>
            <gpxtpx:atemp>30.2</gpxtpx:atemp>
            <gpxtpx:cad>0</gpxtpx:cad>
          </gpxtpx:TrackPointExtension>
          <gpxdata:distance>0.352</gpxdata:distance>
        </extensions>
      </trkpt>
      <trkpt lat="54.387521100" lon="12.532037100">
        <ele>4.000</ele>
        <time>2021-06-07T14:04:14Z</time>
        <extensions>
          <gpxtpx:TrackPointExtension>
            <gpxtpx:atemp>30.1</gpxtpx:atemp>
            <gpxtpx:cad>0</gpxtpx:cad>
          </gpxtpx:TrackPointExtension>
          <gpxdata:distance>0.457</gpxdata:distance>
        </extensions>
      </trkpt>
      <trkpt lat="54.387521000" lon="12.532172500">
        <ele>3.000</ele>
        <time>2021-06-07T14:06:27Z</time>
        <extensions>
          <gpxtpx:TrackPointExtension>
            <gpxtpx:atemp>29.7</gpxtpx:atemp>
            <gpxtpx:cad>0</gpxtpx:cad>
          </gpxtpx:TrackPointExtension>
          <gpxdata:distance>4.18</gpxdata:distance>
        </extensions>
      </trkpt>
      <trkpt lat="54.387509000" lon="12.531959200">
        <ele>4.000</ele>
        <time>2021-06-07T14:08:18Z</time>
        <extensions>
          <gpxtpx:TrackPointExtension>
            <gpxtpx:atemp>29.4</gpxtpx:atemp>
            <gpxtpx:cad>0</gpxtpx:cad>
          </gpxtpx:TrackPointExtension>
          <gpxdata:distance>0.391</gpxdata:distance>
        </extensions>
      </trkpt>
      <trkpt lat="54.387504700" lon="12.532261300">
        <ele>4.000</ele>
        <time>2021-06-07T14:11:05Z</time>
        <extensions>
          <gpxtpx:TrackPointExtension>
            <gpxtpx:atemp>29.3</gpxtpx:atemp>
            <gpxtpx:cad>0</gpxtpx:cad>
          </gpxtpx:TrackPointExtension>
          <gpxdata:distance>6.051</gpxdata:distance>
        </extensions>
      </trkpt>
      <trkpt lat="54.387523700" lon="12.532184300">
        <ele>3.000</ele>
        <time>2021-06-07T14:11:22Z</time>
        <extensions>
          <gpxtpx:TrackPointExtension>
            <gpxtpx:atemp>29.2</gpxtpx:atemp>
            <gpxtpx:cad>0</gpxtpx:cad>
          </gpxtpx:TrackPointExtension>
          <gpxdata:distance>0.215</gpxdata:distance>
        </extensions>
      </trkpt>
      <trkpt lat="54.387447700" lon="12.532337300">
        <ele>3.000</ele>
        <time>2021-06-07T14:11:31Z</time>
        <extensions>
          <gpxtpx:TrackPointExtension>
            <gpxtpx:atemp>29.1</gpxtpx:atemp>
            <gpxtpx:cad>0</gpxtpx:cad>
          </gpxtpx:TrackPointExtension>
          <gpxdata:distance>2.086</gpxdata:distance>
        </extensions>
      </trkpt>
      <trkpt lat="54.387486700" lon="12.532477300">
        <ele>3.000</ele>
        <time>2021-06-07T14:11:35Z</time>
        <extensions>
          <gpxtpx:TrackPointExtension>
            <gpxtpx:atemp>29.1</gpxtpx:atemp>
            <gpxtpx:cad>0</gpxtpx:cad>
          </gpxtpx:TrackPointExtension>
          <gpxdata:distance>2.441</gpxdata:distance>
        </extensions>
      </trkpt>
      <trkpt lat="54.387873700" lon="12.532725300">
        <ele>3.000</ele>
        <time>2021-06-07T14:11:48Z</time>
        <extensions>
          <gpxtpx:TrackPointExtension>
            <gpxtpx:atemp>29.1</gpxtpx:atemp>
            <gpxtpx:cad>0</gpxtpx:cad>
          </gpxtpx:TrackPointExtension>
          <gpxdata:distance>3.934</gpxdata:distance>
        </extensions>
      </trkpt>
      <trkpt lat="54.388298600" lon="12.533389600">
        <ele>2.000</ele>
        <time>2021-06-07T14:12:02Z</time>
        <extensions>
          <gpxtpx:TrackPointExtension>
            <gpxtpx:atemp>28.9</gpxtpx:atemp>
            <gpxtpx:cad>0</gpxtpx:cad>
          </gpxtpx:TrackPointExtension>
          <gpxdata:distance>4.559</gpxdata:distance>
        </extensions>
      </trkpt>
      <trkpt lat="54.388464600" lon="12.533954600">
        <ele>2.000</ele>
        <time>2021-06-07T14:12:22Z</time>
        <extensions>
          <gpxtpx:TrackPointExtension>
            <gpxtpx:atemp>28.7</gpxtpx:atemp>
            <gpxtpx:cad>0</gpxtpx:cad>
          </gpxtpx:TrackPointExtension>
          <gpxdata:distance>0.395</gpxdata:distance>
        </extensions>
      </trkpt>
      <trkpt lat="54.388204600" lon="12.532958600">
        <ele>4.000</ele>
        <time>2021-06-07T14:12:56Z</time>
        <extensions>
          <gpxtpx:TrackPointExtension>
            <gpxtpx:atemp>28.5</gpxtpx:atemp>
            <gpxtpx:cad>0</gpxtpx:cad>
          </gpxtpx:TrackPointExtension>
          <gpxdata:distance>3.41</gpxdata:distance>
        </extensions>
      </trkpt>
      <trkpt lat="54.388215800" lon="12.532682000">
        <ele>4.000</ele>
        <time>2021-06-07T14:13:01Z</time>
        <extensions>
          <gpxtpx:TrackPointExtension>
            <gpxtpx:atemp>28.5</gpxtpx:atemp>
            <gpxtpx:cad>0</gpxtpx:cad>
          </gpxtpx:TrackPointExtension>
          <gpxdata:distance>3.516</gpxdata:distance>
        </extensions>
      </trkpt>
      <trkpt lat="54.388286800" lon="12.532580000">
        <ele>4.000</ele>
        <time>2021-06-07T14:13:05Z</time>
        <extensions>
          <gpxtpx:TrackPointExtension>
            <gpxtpx:atemp>28.5</gpxtpx:atemp>
            <gpxtpx:cad>0</gpxtpx:cad>
          </gpxtpx:TrackPointExtension>
          <gpxdata:distance>2.578</gpxdata:distance>
        </extensions>
      </trkpt>
      <trkpt lat="54.389420800" lon="12.532164000">
        <ele>4.000</ele>
        <time>2021-06-07T14:13:31Z</time>
        <extensions>
          <gpxtpx:TrackPointExtension>
            <gpxtpx:atemp>28.3</gpxtpx:atemp>
            <gpxtpx:cad>0</gpxtpx:cad>
          </gpxtpx:TrackPointExtension>
          <gpxdata:distance>5.406</gpxdata:distance>
        </extensions>
      </trkpt>
      <trkpt lat="54.391489400" lon="12.531877300">
        <ele>4.000</ele>
        <time>2021-06-07T14:14:18Z</time>
        <extensions>
          <gpxtpx:TrackPointExtension>
            <gpxtpx:atemp>28.0</gpxtpx:atemp>
            <gpxtpx:cad>0</gpxtpx:cad>
          </gpxtpx:TrackPointExtension>
          <gpxdata:distance>5.355</gpxdata:distance>
        </extensions>
      </trkpt>
      <trkpt lat="54.402689800" lon="12.527792900">
        <ele>4.000</ele>
        <time>2021-06-07T14:18:09Z</time>
        <extensions>
          <gpxtpx:TrackPointExtension>
            <gpxtpx:atemp>26.2</gpxtpx:atemp>
            <gpxtpx:cad>0</gpxtpx:cad>
          </gpxtpx:TrackPointExtension>
          <gpxdata:distance>6.07</gpxdata:distance>
        </extensions>
      </trkpt>
      <trkpt lat="54.403008800" lon="12.527822900">
        <ele>4.000</ele>
        <time>2021-06-07T14:18:15Z</time>
        <extensions>
          <gpxtpx:TrackPointExtension>
            <gpxtpx:atemp>26.1</gpxtpx:atemp>
            <gpxtpx:cad>0</gpxtpx:cad>
          </gpxtpx:TrackPointExtension>
          <gpxdata:distance>6.336</gpxdata:distance>
        </extensions>
      </trkpt>
      <trkpt lat="54.415812900" lon="12.532834900">
        <ele>4.000</ele>
        <time>2021-06-07T14:22:07Z</time>
        <extensions>
          <gpxtpx:TrackPointExtension>
            <gpxtpx:atemp>25.1</gpxtpx:atemp>
            <gpxtpx:cad>0</gpxtpx:cad>
          </gpxtpx:TrackPointExtension>
          <gpxdata:distance>3.238</gpxdata:distance>
        </extensions>
      </trkpt>
      <trkpt lat="54.415993900" lon="12.532819900">
        <ele>4.000</ele>
        <time>2021-06-07T14:22:15Z</time>
        <extensions>
          <gpxtpx:TrackPointExtension>
            <gpxtpx:atemp>25.1</gpxtpx:atemp>
            <gpxtpx:cad>0</gpxtpx:cad>
          </gpxtpx:TrackPointExtension>
          <gpxdata:distance>2.102</gpxdata:distance>
        </extensions>
      </trkpt>
      <trkpt lat="54.418539800" lon="12.534038500">
        <ele>4.000</ele>
        <time>2021-06-07T14:23:26Z</time>
        <extensions>
          <gpxtpx:TrackPointExtension>
            <gpxtpx:atemp>25.0</gpxtpx:atemp>
            <gpxtpx:cad>0</gpxtpx:cad>
          </gpxtpx:TrackPointExtension>
          <gpxdata:distance>3.453</gpxdata:distance>
        </extensions>
      </trkpt>
      <trkpt lat="54.419854900" lon="12.534433300">
        <ele>4.000</ele>
        <time>2021-06-07T14:24:17Z</time>
        <extensions>
          <gpxtpx:TrackPointExtension>
            <gpxtpx:atemp>24.9</gpxtpx:atemp>
            <gpxtpx:cad>0</gpxtpx:cad>
          </gpxtpx:TrackPointExtension>
          <gpxdata:distance>0.531</gpxdata:distance>
        </extensions>
      </trkpt>
      <trkpt lat="54.420983200" lon="12.534957200">
        <ele>4.000</ele>
        <time>2021-06-07T14:25:17Z</time>
        <extensions>
          <gpxtpx:TrackPointExtension>
            <gpxtpx:atemp>25.0</gpxtpx:atemp>
            <gpxtpx:cad>0</gpxtpx:cad>
          </gpxtpx:TrackPointExtension>
          <gpxdata:distance>4.945</gpxdata:distance>
        </extensions>
      </trkpt>
      <trkpt lat="54.423018200" lon="12.535678200">
        <ele>4.000</ele>
        <time>2021-06-07T14:25:53Z</time>
        <extensions>
          <gpxtpx:TrackPointExtension>
            <gpxtpx:atemp>25.0</gpxtpx:atemp>
            <gpxtpx:cad>0</gpxtpx:cad>
          </gpxtpx:TrackPointExtension>
          <gpxdata:distance>5.84</gpxdata:distance>
        </extensions>
      </trkpt>
      <trkpt lat="54.424312700" lon="12.536300800">
        <ele>4.000</ele>
        <time>2021-06-07T14:26:17Z</time>
        <extensions>
          <gpxtpx:TrackPointExtension>
            <gpxtpx:atemp>24.8</gpxtpx:atemp>
            <gpxtpx:cad>0</gpxtpx:cad>
          </gpxtpx:TrackPointExtension>
          <gpxdata:distance>6.211</gpxdata:distance>
        </extensions>
      </trkpt>
      <trkpt lat="54.425081700" lon="12.536511800">
        <ele>4.000</ele>
        <time>2021-06-07T14:26:29Z</time>
        <extensions>
          <gpxtpx:TrackPointExtension>
            <gpxtpx:atemp>24.8</gpxtpx:atemp>
            <gpxtpx:cad>0</gpxtpx:cad>
          </gpxtpx:TrackPointExtension>
          <gpxdata:distance>7.059</gpxdata:distance>
        </extensions>
      </trkpt>
      <trkpt lat="54.427432900" lon="12.537518200">
        <ele>-1.000</ele>
        <time>2021-06-07T14:27:09Z</time>
        <extensions>
          <gpxtpx:TrackPointExtension>
            <gpxtpx:atemp>24.5</gpxtpx:atemp>
            <gpxtpx:cad>0</gpxtpx:cad>
          </gpxtpx:TrackPointExtension>
          <gpxdata:distance>7.277</gpxdata:distance>
        </extensions>
      </trkpt>
      <trkpt lat="54.428400900" lon="12.537816200">
        <ele>-1.000</ele>
        <time>2021-06-07T14:27:24Z</time>
        <extensions>
          <gpxtpx:TrackPointExtension>
            <gpxtpx:atemp>24.4</gpxtpx:atemp>
            <gpxtpx:cad>0</gpxtpx:cad>
          </gpxtpx:TrackPointExtension>
          <gpxdata:distance>8.93</gpxdata:distance>
        </extensions>
      </trkpt>
      <trkpt lat="54.432067500" lon="12.539316100">
        <ele>-2.000</ele>
        <time>2021-06-07T14:28:28Z</time>
        <extensions>
          <gpxtpx:TrackPointExtension>
            <gpxtpx:atemp>23.9</gpxtpx:atemp>
            <gpxtpx:cad>0</gpxtpx:cad>
          </gpxtpx:TrackPointExtension>
          <gpxdata:distance>7.652</gpxdata:distance>
        </extensions>
      </trkpt>
      <trkpt lat="54.433305500" lon="12.539699100">
        <ele>-3.000</ele>
        <time>2021-06-07T14:28:48Z</time>
        <extensions>
          <gpxtpx:TrackPointExtension>
            <gpxtpx:atemp>23.8</gpxtpx:atemp>
            <gpxtpx:cad>0</gpxtpx:cad>
          </gpxtpx:TrackPointExtension>
          <gpxdata:distance>7.156</gpxdata:distance>
        </extensions>
      </trkpt>
      <trkpt lat="54.437650500" lon="12.541486500">
        <ele>-3.000</ele>
        <time>2021-06-07T14:30:08Z</time>
        <extensions>
          <gpxtpx:TrackPointExtension>
            <gpxtpx:atemp>23.5</gpxtpx:atemp>
            <gpxtpx:cad>0</gpxtpx:cad>
          </gpxtpx:TrackPointExtension>
          <gpxdata:distance>5.793</gpxdata:distance>
        </extensions>
      </trkpt>
      <trkpt lat="54.437772500" lon="12.541698500">
        <ele>-3.000</ele>
        <time>2021-06-07T14:30:12Z</time>
        <extensions>
          <gpxtpx:TrackPointExtension>
            <gpxtpx:atemp>23.4</gpxtpx:atemp>
            <gpxtpx:cad>0</gpxtpx:cad>
          </gpxtpx:TrackPointExtension>
          <gpxdata:distance>5.086</gpxdata:distance>
        </extensions>
      </trkpt>
      <trkpt lat="54.437809500" lon="12.542014500">
        <ele>-3.000</ele>
        <time>2021-06-07T14:30:16Z</time>
        <extensions>
          <gpxtpx:TrackPointExtension>
            <gpxtpx:atemp>23.4</gpxtpx:atemp>
            <gpxtpx:cad>0</gpxtpx:cad>
          </gpxtpx:TrackPointExtension>
          <gpxdata:distance>5.301</gpxdata:distance>
        </extensions>
      </trkpt>
      <trkpt lat="54.437679500" lon="12.544703500">
        <ele>-2.000</ele>
        <time>2021-06-07T14:30:46Z</time>
        <extensions>
          <gpxtpx:TrackPointExtension>
            <gpxtpx:atemp>23.4</gpxtpx:atemp>
            <gpxtpx:cad>0</gpxtpx:cad>
          </gpxtpx:TrackPointExtension>
          <gpxdata:distance>5.652</gpxdata:distance>
        </extensions>
      </trkpt>
      <trkpt lat="54.437748500" lon="12.545427500">
        <ele>-2.000</ele>
        <time>2021-06-07T14:30:54Z</time>
        <extensions>
          <gpxtpx:TrackPointExtension>
            <gpxtpx:atemp>23.4</gpxtpx:atemp>
            <gpxtpx:cad>0</gpxtpx:cad>
          </gpxtpx:TrackPointExtension>
          <gpxdata:distance>6.586</gpxdata:distance>
        </extensions>
      </trkpt>
      <trkpt lat="54.437971100" lon="12.546475900">
        <ele>-3.000</ele>
        <time>2021-06-07T14:31:06Z</time>
        <extensions>
          <gpxtpx:TrackPointExtension>
            <gpxtpx:atemp>23.4</gpxtpx:atemp>
            <gpxtpx:cad>0</gpxtpx:cad>
          </gpxtpx:TrackPointExtension>
          <gpxdata:distance>6.094</gpxdata:distance>
        </extensions>
      </trkpt>
      <trkpt lat="54.437960100" lon="12.547892900">
        <ele>-3.000</ele>
        <time>2021-06-07T14:31:20Z</time>
        <extensions>
          <gpxtpx:TrackPointExtension>
            <gpxtpx:atemp>23.3</gpxtpx:atemp>
            <gpxtpx:cad>0</gpxtpx:cad>
          </gpxtpx:TrackPointExtension>
          <gpxdata:distance>6.52</gpxdata:distance>
        </extensions>
      </trkpt>
      <trkpt lat="54.438736700" lon="12.559219700">
        <ele>-2.000</ele>
        <time>2021-06-07T14:33:47Z</time>
        <extensions>
          <gpxtpx:TrackPointExtension>
            <gpxtpx:atemp>23.0</gpxtpx:atemp>
            <gpxtpx:cad>0</gpxtpx:cad>
          </gpxtpx:TrackPointExtension>
          <gpxdata:distance>5.105</gpxdata:distance>
        </extensions>
      </trkpt>
      <trkpt lat="54.439239800" lon="12.563037800">
        <ele>-2.000</ele>
        <time>2021-06-07T14:34:33Z</time>
        <extensions>
          <gpxtpx:TrackPointExtension>
            <gpxtpx:atemp>22.9</gpxtpx:atemp>
            <gpxtpx:cad>0</gpxtpx:cad>
          </gpxtpx:TrackPointExtension>
          <gpxdata:distance>5.371</gpxdata:distance>
        </extensions>
      </trkpt>
      <trkpt lat="54.439492800" lon="12.564041800">
        <ele>-2.000</ele>
        <time>2021-06-07T14:34:46Z</time>
        <extensions>
          <gpxtpx:TrackPointExtension>
            <gpxtpx:atemp>22.9</gpxtpx:atemp>
            <gpxtpx:cad>0</gpxtpx:cad>
          </gpxtpx:TrackPointExtension>
          <gpxdata:distance>5.125</gpxdata:distance>
        </extensions>
      </trkpt>
      <trkpt lat="54.439793600" lon="12.565876700">
        <ele>-2.000</ele>
        <time>2021-06-07T14:35:11Z</time>
        <extensions>
          <gpxtpx:TrackPointExtension>
            <gpxtpx:atemp>22.9</gpxtpx:atemp>
            <gpxtpx:cad>0</gpxtpx:cad>
          </gpxtpx:TrackPointExtension>
          <gpxdata:distance>5.641</gpxdata:distance>
        </extensions>
      </trkpt>
      <trkpt lat="54.439812600" lon="12.566529700">
        <ele>-2.000</ele>
        <time>2021-06-07T14:35:19Z</time>
        <extensions>
          <gpxtpx:TrackPointExtension>
            <gpxtpx:atemp>22.9</gpxtpx:atemp>
            <gpxtpx:cad>0</gpxtpx:cad>
          </gpxtpx:TrackPointExtension>
          <gpxdata:distance>4.906</gpxdata:distance>
        </extensions>
      </trkpt>
      <trkpt lat="54.440609700" lon="12.569713600">
        <ele>-1.000</ele>
        <time>2021-06-07T14:36:05Z</time>
        <extensions>
          <gpxtpx:TrackPointExtension>
            <gpxtpx:atemp>23.0</gpxtpx:atemp>
            <gpxtpx:cad>0</gpxtpx:cad>
          </gpxtpx:TrackPointExtension>
          <gpxdata:distance>4.625</gpxdata:distance>
        </extensions>
      </trkpt>
      <trkpt lat="54.440756700" lon="12.570544600">
        <ele>-1.000</ele>
        <time>2021-06-07T14:36:17Z</time>
        <extensions>
          <gpxtpx:TrackPointExtension>
            <gpxtpx:atemp>23.0</gpxtpx:atemp>
            <gpxtpx:cad>0</gpxtpx:cad>
          </gpxtpx:TrackPointExtension>
          <gpxdata:distance>4.055</gpxdata:distance>
        </extensions>
      </trkpt>
      <trkpt lat="54.441543700" lon="12.573653600">
        <ele>-1.000</ele>
        <time>2021-06-07T14:36:58Z</time>
        <extensions>
          <gpxtpx:TrackPointExtension>
            <gpxtpx:atemp>23.2</gpxtpx:atemp>
            <gpxtpx:cad>0</gpxtpx:cad>
          </gpxtpx:TrackPointExtension>
          <gpxdata:distance>6.125</gpxdata:distance>
        </extensions>
      </trkpt>
      <trkpt lat="54.441691400" lon="12.574482700">
        <ele>-2.000</ele>
        <time>2021-06-07T14:37:07Z</time>
        <extensions>
          <gpxtpx:TrackPointExtension>
            <gpxtpx:atemp>23.3</gpxtpx:atemp>
            <gpxtpx:cad>0</gpxtpx:cad>
          </gpxtpx:TrackPointExtension>
          <gpxdata:distance>6.328</gpxdata:distance>
        </extensions>
      </trkpt>
      <trkpt lat="54.441628400" lon="12.575168700">
        <ele>-2.000</ele>
        <time>2021-06-07T14:37:14Z</time>
        <extensions>
          <gpxtpx:TrackPointExtension>
            <gpxtpx:atemp>23.4</gpxtpx:atemp>
            <gpxtpx:cad>0</gpxtpx:cad>
          </gpxtpx:TrackPointExtension>
          <gpxdata:distance>6.586</gpxdata:distance>
        </extensions>
      </trkpt>
      <trkpt lat="54.442447400" lon="12.578500700">
        <ele>-2.000</ele>
        <time>2021-06-07T14:37:54Z</time>
        <extensions>
          <gpxtpx:TrackPointExtension>
            <gpxtpx:atemp>23.5</gpxtpx:atemp>
            <gpxtpx:cad>0</gpxtpx:cad>
          </gpxtpx:TrackPointExtension>
          <gpxdata:distance>2.648</gpxdata:distance>
        </extensions>
      </trkpt>
      <trkpt lat="54.442940200" lon="12.580085500">
        <ele>-2.000</ele>
        <time>2021-06-07T14:38:19Z</time>
        <extensions>
          <gpxtpx:TrackPointExtension>
            <gpxtpx:atemp>23.6</gpxtpx:atemp>
            <gpxtpx:cad>0</gpxtpx:cad>
          </gpxtpx:TrackPointExtension>
          <gpxdata:distance>5.406</gpxdata:distance>
        </extensions>
      </trkpt>
      <trkpt lat="54.443293200" lon="12.580653500">
        <ele>-2.000</ele>
        <time>2021-06-07T14:38:29Z</time>
        <extensions>
          <gpxtpx:TrackPointExtension>
            <gpxtpx:atemp>23.6</gpxtpx:atemp>
            <gpxtpx:cad>0</gpxtpx:cad>
          </gpxtpx:TrackPointExtension>
          <gpxdata:distance>4.812</gpxdata:distance>
        </extensions>
      </trkpt>
      <trkpt lat="54.443738200" lon="12.580748500">
        <ele>-2.000</ele>
        <time>2021-06-07T14:38:40Z</time>
        <extensions>
          <gpxtpx:TrackPointExtension>
            <gpxtpx:atemp>23.6</gpxtpx:atemp>
            <gpxtpx:cad>0</gpxtpx:cad>
          </gpxtpx:TrackPointExtension>
          <gpxdata:distance>4.891</gpxdata:distance>
        </extensions>
      </trkpt>
      <trkpt lat="54.444650600" lon="12.582021400">
        <ele>-2.000</ele>
        <time>2021-06-07T14:39:03Z</time>
        <extensions>
          <gpxtpx:TrackPointExtension>
            <gpxtpx:atemp>23.8</gpxtpx:atemp>
            <gpxtpx:cad>0</gpxtpx:cad>
          </gpxtpx:TrackPointExtension>
          <gpxdata:distance>5.703</gpxdata:distance>
        </extensions>
      </trkpt>
      <trkpt lat="54.444753600" lon="12.582689400">
        <ele>-2.000</ele>
        <time>2021-06-07T14:39:11Z</time>
        <extensions>
          <gpxtpx:TrackPointExtension>
            <gpxtpx:atemp>23.9</gpxtpx:atemp>
            <gpxtpx:cad>0</gpxtpx:cad>
          </gpxtpx:TrackPointExtension>
          <gpxdata:distance>5.523</gpxdata:distance>
        </extensions>
      </trkpt>
      <trkpt lat="54.444621600" lon="12.583448400">
        <ele>-2.000</ele>
        <time>2021-06-07T14:39:30Z</time>
        <extensions>
          <gpxtpx:TrackPointExtension>
            <gpxtpx:atemp>23.9</gpxtpx:atemp>
            <gpxtpx:cad>0</gpxtpx:cad>
          </gpxtpx:TrackPointExtension>
          <gpxdata:distance>0.273</gpxdata:distance>
        </extensions>
      </trkpt>
      <trkpt lat="54.444812600" lon="12.583043400">
        <ele>-2.000</ele>
        <time>2021-06-07T14:39:56Z</time>
        <extensions>
          <gpxtpx:TrackPointExtension>
            <gpxtpx:atemp>24.1</gpxtpx:atemp>
            <gpxtpx:cad>0</gpxtpx:cad>
          </gpxtpx:TrackPointExtension>
          <gpxdata:distance>3.859</gpxdata:distance>
        </extensions>
      </trkpt>
      <trkpt lat="54.445116900" lon="12.582871600">
        <ele>-2.000</ele>
        <time>2021-06-07T14:40:06Z</time>
        <extensions>
          <gpxtpx:TrackPointExtension>
            <gpxtpx:atemp>24.2</gpxtpx:atemp>
            <gpxtpx:cad>0</gpxtpx:cad>
          </gpxtpx:TrackPointExtension>
          <gpxdata:distance>3.945</gpxdata:distance>
        </extensions>
      </trkpt>
      <trkpt lat="54.445614900" lon="12.582983600">
        <ele>-2.000</ele>
        <time>2021-06-07T14:40:17Z</time>
        <extensions>
          <gpxtpx:TrackPointExtension>
            <gpxtpx:atemp>24.2</gpxtpx:atemp>
            <gpxtpx:cad>0</gpxtpx:cad>
          </gpxtpx:TrackPointExtension>
          <gpxdata:distance>5.633</gpxdata:distance>
        </extensions>
      </trkpt>
      <trkpt lat="54.446589900" lon="12.583715600">
        <ele>-2.000</ele>
        <time>2021-06-07T14:40:37Z</time>
        <extensions>
          <gpxtpx:TrackPointExtension>
            <gpxtpx:atemp>24.4</gpxtpx:atemp>
            <gpxtpx:cad>0</gpxtpx:cad>
          </gpxtpx:TrackPointExtension>
          <gpxdata:distance>6.219</gpxdata:distance>
        </extensions>
      </trkpt>
      <trkpt lat="54.446845900" lon="12.584068600">
        <ele>-2.000</ele>
        <time>2021-06-07T14:40:43Z</time>
        <extensions>
          <gpxtpx:TrackPointExtension>
            <gpxtpx:atemp>24.4</gpxtpx:atemp>
            <gpxtpx:cad>0</gpxtpx:cad>
          </gpxtpx:TrackPointExtension>
          <gpxdata:distance>6.398</gpxdata:distance>
        </extensions>
      </trkpt>
      <trkpt lat="54.447594500" lon="12.586049100">
        <ele>-2.000</ele>
        <time>2021-06-07T14:41:07Z</time>
        <extensions>
          <gpxtpx:TrackPointExtension>
            <gpxtpx:atemp>24.5</gpxtpx:atemp>
            <gpxtpx:cad>0</gpxtpx:cad>
          </gpxtpx:TrackPointExtension>
          <gpxdata:distance>6.227</gpxdata:distance>
        </extensions>
      </trkpt>
      <trkpt lat="54.448167500" lon="12.586722100">
        <ele>-2.000</ele>
        <time>2021-06-07T14:41:22Z</time>
        <extensions>
          <gpxtpx:TrackPointExtension>
            <gpxtpx:atemp>24.5</gpxtpx:atemp>
            <gpxtpx:cad>0</gpxtpx:cad>
          </gpxtpx:TrackPointExtension>
          <gpxdata:distance>4.898</gpxdata:distance>
        </extensions>
      </trkpt>
      <trkpt lat="54.448450500" lon="12.587354100">
        <ele>-2.000</ele>
        <time>2021-06-07T14:41:32Z</time>
        <extensions>
          <gpxtpx:TrackPointExtension>
            <gpxtpx:atemp>24.5</gpxtpx:atemp>
            <gpxtpx:cad>0</gpxtpx:cad>
          </gpxtpx:TrackPointExtension>
          <gpxdata:distance>3.648</gpxdata:distance>
        </extensions>
      </trkpt>
      <trkpt lat="54.448645500" lon="12.587470100">
        <ele>-2.000</ele>
        <time>2021-06-07T14:41:40Z</time>
        <extensions>
          <gpxtpx:TrackPointExtension>
            <gpxtpx:atemp>24.5</gpxtpx:atemp>
            <gpxtpx:cad>0</gpxtpx:cad>
          </gpxtpx:TrackPointExtension>
          <gpxdata:distance>2.758</gpxdata:distance>
        </extensions>
      </trkpt>
      <trkpt lat="54.448913500" lon="12.588908100">
        <ele>-2.000</ele>
        <time>2021-06-07T14:41:59Z</time>
        <extensions>
          <gpxtpx:TrackPointExtension>
            <gpxtpx:atemp>24.5</gpxtpx:atemp>
            <gpxtpx:cad>0</gpxtpx:cad>
          </gpxtpx:TrackPointExtension>
          <gpxdata:distance>5.523</gpxdata:distance>
        </extensions>
      </trkpt>
      <trkpt lat="54.449446500" lon="12.590406200">
        <ele>-2.000</ele>
        <time>2021-06-07T14:42:25Z</time>
        <extensions>
          <gpxtpx:TrackPointExtension>
            <gpxtpx:atemp>24.4</gpxtpx:atemp>
            <gpxtpx:cad>0</gpxtpx:cad>
          </gpxtpx:TrackPointExtension>
          <gpxdata:distance>4.336</gpxdata:distance>
        </extensions>
      </trkpt>
      <trkpt lat="54.449849500" lon="12.591998200">
        <ele>-2.000</ele>
        <time>2021-06-07T14:42:50Z</time>
        <extensions>
          <gpxtpx:TrackPointExtension>
            <gpxtpx:atemp>24.3</gpxtpx:atemp>
            <gpxtpx:cad>0</gpxtpx:cad>
          </gpxtpx:TrackPointExtension>
          <gpxdata:distance>4.023</gpxdata:distance>
        </extensions>
      </trkpt>
      <trkpt lat="54.449817300" lon="12.592310300">
        <ele>-2.000</ele>
        <time>2021-06-07T14:43:41Z</time>
        <extensions>
          <gpxtpx:TrackPointExtension>
            <gpxtpx:atemp>24.2</gpxtpx:atemp>
            <gpxtpx:cad>0</gpxtpx:cad>
          </gpxtpx:TrackPointExtension>
          <gpxdata:distance>6.516</gpxdata:distance>
        </extensions>
      </trkpt>
      <trkpt lat="54.450166400" lon="12.594082700">
        <ele>-2.000</ele>
        <time>2021-06-07T14:44:02Z</time>
        <extensions>
          <gpxtpx:TrackPointExtension>
            <gpxtpx:atemp>24.2</gpxtpx:atemp>
            <gpxtpx:cad>0</gpxtpx:cad>
          </gpxtpx:TrackPointExtension>
          <gpxdata:distance>6.906</gpxdata:distance>
        </extensions>
      </trkpt>
      <trkpt lat="54.450197400" lon="12.595410700">
        <ele>-2.000</ele>
        <time>2021-06-07T14:44:14Z</time>
        <extensions>
          <gpxtpx:TrackPointExtension>
            <gpxtpx:atemp>24.2</gpxtpx:atemp>
            <gpxtpx:cad>0</gpxtpx:cad>
          </gpxtpx:TrackPointExtension>
          <gpxdata:distance>7.461</gpxdata:distance>
        </extensions>
      </trkpt>
      <trkpt lat="54.450140400" lon="12.596081700">
        <ele>-2.000</ele>
        <time>2021-06-07T14:44:20Z</time>
        <extensions>
          <gpxtpx:TrackPointExtension>
            <gpxtpx:atemp>24.2</gpxtpx:atemp>
            <gpxtpx:cad>0</gpxtpx:cad>
          </gpxtpx:TrackPointExtension>
          <gpxdata:distance>7.227</gpxdata:distance>
        </extensions>
      </trkpt>
      <trkpt lat="54.449429400" lon="12.599747700">
        <ele>-2.000</ele>
        <time>2021-06-07T14:44:54Z</time>
        <extensions>
          <gpxtpx:TrackPointExtension>
            <gpxtpx:atemp>24.0</gpxtpx:atemp>
            <gpxtpx:cad>0</gpxtpx:cad>
          </gpxtpx:TrackPointExtension>
          <gpxdata:distance>7.391</gpxdata:distance>
        </extensions>
      </trkpt>
      <trkpt lat="54.449187700" lon="12.601776600">
        <ele>-2.000</ele>
        <time>2021-06-07T14:45:12Z</time>
        <extensions>
          <gpxtpx:TrackPointExtension>
            <gpxtpx:atemp>23.9</gpxtpx:atemp>
            <gpxtpx:cad>0</gpxtpx:cad>
          </gpxtpx:TrackPointExtension>
          <gpxdata:distance>7.039</gpxdata:distance>
        </extensions>
      </trkpt>
      <trkpt lat="54.448270700" lon="12.605492600">
        <ele>-2.000</ele>
        <time>2021-06-07T14:45:48Z</time>
        <extensions>
          <gpxtpx:TrackPointExtension>
            <gpxtpx:atemp>23.8</gpxtpx:atemp>
            <gpxtpx:cad>0</gpxtpx:cad>
          </gpxtpx:TrackPointExtension>
          <gpxdata:distance>5.219</gpxdata:distance>
        </extensions>
      </trkpt>
      <trkpt lat="54.448205700" lon="12.605527600">
        <ele>-2.000</ele>
        <time>2021-06-07T14:45:55Z</time>
        <extensions>
          <gpxtpx:TrackPointExtension>
            <gpxtpx:atemp>23.8</gpxtpx:atemp>
            <gpxtpx:cad>0</gpxtpx:cad>
          </gpxtpx:TrackPointExtension>
          <gpxdata:distance>0.344</gpxdata:distance>
        </extensions>
      </trkpt>
      <trkpt lat="54.448242300" lon="12.605886100">
        <ele>-2.000</ele>
        <time>2021-06-07T14:47:45Z</time>
        <extensions>
          <gpxtpx:TrackPointExtension>
            <gpxtpx:atemp>24.4</gpxtpx:atemp>
            <gpxtpx:cad>0</gpxtpx:cad>
          </gpxtpx:TrackPointExtension>
          <gpxdata:distance>3.891</gpxdata:distance>
        </extensions>
      </trkpt>
      <trkpt lat="54.448344300" lon="12.605771100">
        <ele>-2.000</ele>
        <time>2021-06-07T14:47:53Z</time>
        <extensions>
          <gpxtpx:TrackPointExtension>
            <gpxtpx:atemp>24.5</gpxtpx:atemp>
            <gpxtpx:cad>0</gpxtpx:cad>
          </gpxtpx:TrackPointExtension>
          <gpxdata:distance>2.297</gpxdata:distance>
        </extensions>
      </trkpt>
      <trkpt lat="54.447062400" lon="12.623061800">
        <ele>-1.000</ele>
        <time>2021-06-07T14:50:53Z</time>
        <extensions>
          <gpxtpx:TrackPointExtension>
            <gpxtpx:atemp>24.0</gpxtpx:atemp>
            <gpxtpx:cad>0</gpxtpx:cad>
          </gpxtpx:TrackPointExtension>
          <gpxdata:distance>7.219</gpxdata:distance>
        </extensions>
      </trkpt>
      <trkpt lat="54.446926900" lon="12.624033100">
        <ele>-1.000</ele>
        <time>2021-06-07T14:51:02Z</time>
        <extensions>
          <gpxtpx:TrackPointExtension>
            <gpxtpx:atemp>23.9</gpxtpx:atemp>
            <gpxtpx:cad>0</gpxtpx:cad>
          </gpxtpx:TrackPointExtension>
          <gpxdata:distance>7.195</gpxdata:distance>
        </extensions>
      </trkpt>
      <trkpt lat="54.444669900" lon="12.634090800">
        <ele>-1.000</ele>
        <time>2021-06-07T14:52:37Z</time>
        <extensions>
          <gpxtpx:TrackPointExtension>
            <gpxtpx:atemp>23.5</gpxtpx:atemp>
            <gpxtpx:cad>0</gpxtpx:cad>
          </gpxtpx:TrackPointExtension>
          <gpxdata:distance>7.328</gpxdata:distance>
        </extensions>
      </trkpt>
      <trkpt lat="54.442964900" lon="12.645231800">
        <ele>-1.000</ele>
        <time>2021-06-07T14:54:23Z</time>
        <extensions>
          <gpxtpx:TrackPointExtension>
            <gpxtpx:atemp>23.1</gpxtpx:atemp>
            <gpxtpx:cad>0</gpxtpx:cad>
          </gpxtpx:TrackPointExtension>
          <gpxdata:distance>5.188</gpxdata:distance>
        </extensions>
      </trkpt>
      <trkpt lat="54.442123700" lon="12.657141800">
        <ele>0.000</ele>
        <time>2021-06-07T14:57:26Z</time>
        <extensions>
          <gpxtpx:TrackPointExtension>
            <gpxtpx:atemp>23.2</gpxtpx:atemp>
            <gpxtpx:cad>0</gpxtpx:cad>
          </gpxtpx:TrackPointExtension>
          <gpxdata:distance>7.109</gpxdata:distance>
        </extensions>
      </trkpt>
      <trkpt lat="54.441798700" lon="12.660320200">
        <ele>0.000</ele>
        <time>2021-06-07T14:58:01Z</time>
        <extensions>
          <gpxtpx:TrackPointExtension>
            <gpxtpx:atemp>23.0</gpxtpx:atemp>
            <gpxtpx:cad>0</gpxtpx:cad>
          </gpxtpx:TrackPointExtension>
          <gpxdata:distance>2.148</gpxdata:distance>
        </extensions>
      </trkpt>
      <trkpt lat="54.438272300" lon="12.659697000">
        <ele>0.000</ele>
        <time>2021-06-07T14:59:09Z</time>
        <extensions>
          <gpxtpx:TrackPointExtension>
            <gpxtpx:atemp>22.8</gpxtpx:atemp>
            <gpxtpx:cad>0</gpxtpx:cad>
          </gpxtpx:TrackPointExtension>
          <gpxdata:distance>7.016</gpxdata:distance>
        </extensions>
      </trkpt>
      <trkpt lat="54.438037300" lon="12.659858000">
        <ele>0.000</ele>
        <time>2021-06-07T14:59:13Z</time>
        <extensions>
          <gpxtpx:TrackPointExtension>
            <gpxtpx:atemp>22.8</gpxtpx:atemp>
            <gpxtpx:cad>0</gpxtpx:cad>
          </gpxtpx:TrackPointExtension>
          <gpxdata:distance>7.312</gpxdata:distance>
        </extensions>
      </trkpt>
      <trkpt lat="54.437572300" lon="12.661927000">
        <ele>0.000</ele>
        <time>2021-06-07T14:59:33Z</time>
        <extensions>
          <gpxtpx:TrackPointExtension>
            <gpxtpx:atemp>22.7</gpxtpx:atemp>
            <gpxtpx:cad>0</gpxtpx:cad>
          </gpxtpx:TrackPointExtension>
          <gpxdata:distance>7.242</gpxdata:distance>
        </extensions>
      </trkpt>
      <trkpt lat="54.436253400" lon="12.665199200">
        <ele>0.000</ele>
        <time>2021-06-07T15:00:09Z</time>
        <extensions>
          <gpxtpx:TrackPointExtension>
            <gpxtpx:atemp>22.6</gpxtpx:atemp>
            <gpxtpx:cad>0</gpxtpx:cad>
          </gpxtpx:TrackPointExtension>
          <gpxdata:distance>6.523</gpxdata:distance>
        </extensions>
      </trkpt>
      <trkpt lat="54.436012400" lon="12.665251200">
        <ele>0.000</ele>
        <time>2021-06-07T15:00:13Z</time>
        <extensions>
          <gpxtpx:TrackPointExtension>
            <gpxtpx:atemp>22.6</gpxtpx:atemp>
            <gpxtpx:cad>0</gpxtpx:cad>
          </gpxtpx:TrackPointExtension>
          <gpxdata:distance>6.797</gpxdata:distance>
        </extensions>
      </trkpt>
      <trkpt lat="54.433488400" lon="12.664194200">
        <ele>0.000</ele>
        <time>2021-06-07T15:00:53Z</time>
        <extensions>
          <gpxtpx:TrackPointExtension>
            <gpxtpx:atemp>22.5</gpxtpx:atemp>
            <gpxtpx:cad>0</gpxtpx:cad>
          </gpxtpx:TrackPointExtension>
          <gpxdata:distance>7.016</gpxdata:distance>
        </extensions>
      </trkpt>
      <trkpt lat="54.432356000" lon="12.663225200">
        <ele>0.000</ele>
        <time>2021-06-07T15:01:13Z</time>
        <extensions>
          <gpxtpx:TrackPointExtension>
            <gpxtpx:atemp>22.4</gpxtpx:atemp>
            <gpxtpx:cad>0</gpxtpx:cad>
          </gpxtpx:TrackPointExtension>
          <gpxdata:distance>6.812</gpxdata:distance>
        </extensions>
      </trkpt>
      <trkpt lat="54.431074000" lon="12.664080200">
        <ele>0.000</ele>
        <time>2021-06-07T15:01:34Z</time>
        <extensions>
          <gpxtpx:TrackPointExtension>
            <gpxtpx:atemp>22.4</gpxtpx:atemp>
            <gpxtpx:cad>0</gpxtpx:cad>
          </gpxtpx:TrackPointExtension>
          <gpxdata:distance>7.164</gpxdata:distance>
        </extensions>
      </trkpt>
      <trkpt lat="54.430077000" lon="12.666291200">
        <ele>0.000</ele>
        <time>2021-06-07T15:01:59Z</time>
        <extensions>
          <gpxtpx:TrackPointExtension>
            <gpxtpx:atemp>22.4</gpxtpx:atemp>
            <gpxtpx:cad>0</gpxtpx:cad>
          </gpxtpx:TrackPointExtension>
          <gpxdata:distance>7.227</gpxdata:distance>
        </extensions>
      </trkpt>
      <trkpt lat="54.428813000" lon="12.668844300">
        <ele>0.000</ele>
        <time>2021-06-07T15:02:29Z</time>
        <extensions>
          <gpxtpx:TrackPointExtension>
            <gpxtpx:atemp>22.4</gpxtpx:atemp>
            <gpxtpx:cad>0</gpxtpx:cad>
          </gpxtpx:TrackPointExtension>
          <gpxdata:distance>7.211</gpxdata:distance>
        </extensions>
      </trkpt>
      <trkpt lat="54.427793000" lon="12.669658300">
        <ele>0.000</ele>
        <time>2021-06-07T15:02:49Z</time>
        <extensions>
          <gpxtpx:TrackPointExtension>
            <gpxtpx:atemp>22.3</gpxtpx:atemp>
            <gpxtpx:cad>0</gpxtpx:cad>
          </gpxtpx:TrackPointExtension>
          <gpxdata:distance>4.727</gpxdata:distance>
        </extensions>
      </trkpt>
      <trkpt lat="54.427039800" lon="12.668834400">
        <ele>0.000</ele>
        <time>2021-06-07T15:03:06Z</time>
        <extensions>
          <gpxtpx:TrackPointExtension>
            <gpxtpx:atemp>22.3</gpxtpx:atemp>
            <gpxtpx:cad>0</gpxtpx:cad>
          </gpxtpx:TrackPointExtension>
          <gpxdata:distance>7.773</gpxdata:distance>
        </extensions>
      </trkpt>
      <trkpt lat="54.426265800" lon="12.667709400">
        <ele>0.000</ele>
        <time>2021-06-07T15:03:22Z</time>
        <extensions>
          <gpxtpx:TrackPointExtension>
            <gpxtpx:atemp>22.3</gpxtpx:atemp>
            <gpxtpx:cad>0</gpxtpx:cad>
          </gpxtpx:TrackPointExtension>
          <gpxdata:distance>6.742</gpxdata:distance>
        </extensions>
      </trkpt>
      <trkpt lat="54.423630700" lon="12.663363800">
        <ele>0.000</ele>
        <time>2021-06-07T15:04:18Z</time>
        <extensions>
          <gpxtpx:TrackPointExtension>
            <gpxtpx:atemp>22.3</gpxtpx:atemp>
            <gpxtpx:cad>0</gpxtpx:cad>
          </gpxtpx:TrackPointExtension>
          <gpxdata:distance>7.312</gpxdata:distance>
        </extensions>
      </trkpt>
      <trkpt lat="54.423315700" lon="12.662979800">
        <ele>0.000</ele>
        <time>2021-06-07T15:04:24Z</time>
        <extensions>
          <gpxtpx:TrackPointExtension>
            <gpxtpx:atemp>22.3</gpxtpx:atemp>
            <gpxtpx:cad>0</gpxtpx:cad>
          </gpxtpx:TrackPointExtension>
          <gpxdata:distance>7.18</gpxdata:distance>
        </extensions>
      </trkpt>
      <trkpt lat="54.420702200" lon="12.660879100">
        <ele>0.000</ele>
        <time>2021-06-07T15:05:08Z</time>
        <extensions>
          <gpxtpx:TrackPointExtension>
            <gpxtpx:atemp>22.2</gpxtpx:atemp>
            <gpxtpx:cad>0</gpxtpx:cad>
          </gpxtpx:TrackPointExtension>
          <gpxdata:distance>7.133</gpxdata:distance>
        </extensions>
      </trkpt>
      <trkpt lat="54.419448200" lon="12.660224100">
        <ele>0.000</ele>
        <time>2021-06-07T15:05:28Z</time>
        <extensions>
          <gpxtpx:TrackPointExtension>
            <gpxtpx:atemp>22.2</gpxtpx:atemp>
            <gpxtpx:cad>0</gpxtpx:cad>
          </gpxtpx:TrackPointExtension>
          <gpxdata:distance>7.141</gpxdata:distance>
        </extensions>
      </trkpt>
      <trkpt lat="54.418769200" lon="12.660022100">
        <ele>0.000</ele>
        <time>2021-06-07T15:05:38Z</time>
        <extensions>
          <gpxtpx:TrackPointExtension>
            <gpxtpx:atemp>22.2</gpxtpx:atemp>
            <gpxtpx:cad>0</gpxtpx:cad>
          </gpxtpx:TrackPointExtension>
          <gpxdata:distance>7.711</gpxdata:distance>
        </extensions>
      </trkpt>
      <trkpt lat="54.417436500" lon="12.659856100">
        <ele>0.000</ele>
        <time>2021-06-07T15:06:02Z</time>
        <extensions>
          <gpxtpx:TrackPointExtension>
            <gpxtpx:atemp>22.2</gpxtpx:atemp>
            <gpxtpx:cad>0</gpxtpx:cad>
          </gpxtpx:TrackPointExtension>
          <gpxdata:distance>3.586</gpxdata:distance>
        </extensions>
      </trkpt>
      <trkpt lat="54.417167500" lon="12.660091100">
        <ele>0.000</ele>
        <time>2021-06-07T15:06:08Z</time>
        <extensions>
          <gpxtpx:TrackPointExtension>
            <gpxtpx:atemp>22.2</gpxtpx:atemp>
            <gpxtpx:cad>0</gpxtpx:cad>
          </gpxtpx:TrackPointExtension>
          <gpxdata:distance>6.461</gpxdata:distance>
        </extensions>
      </trkpt>
      <trkpt lat="54.416808500" lon="12.660111100">
        <ele>0.000</ele>
        <time>2021-06-07T15:06:14Z</time>
        <extensions>
          <gpxtpx:TrackPointExtension>
            <gpxtpx:atemp>22.3</gpxtpx:atemp>
            <gpxtpx:cad>0</gpxtpx:cad>
          </gpxtpx:TrackPointExtension>
          <gpxdata:distance>6.805</gpxdata:distance>
        </extensions>
      </trkpt>
      <trkpt lat="54.416063500" lon="12.660412100">
        <ele>0.000</ele>
        <time>2021-06-07T15:06:26Z</time>
        <extensions>
          <gpxtpx:TrackPointExtension>
            <gpxtpx:atemp>22.3</gpxtpx:atemp>
            <gpxtpx:cad>0</gpxtpx:cad>
          </gpxtpx:TrackPointExtension>
          <gpxdata:distance>7.445</gpxdata:distance>
        </extensions>
      </trkpt>
      <trkpt lat="54.411009400" lon="12.663678800">
        <ele>0.000</ele>
        <time>2021-06-07T15:07:49Z</time>
        <extensions>
          <gpxtpx:TrackPointExtension>
            <gpxtpx:atemp>22.7</gpxtpx:atemp>
            <gpxtpx:cad>0</gpxtpx:cad>
          </gpxtpx:TrackPointExtension>
          <gpxdata:distance>7.141</gpxdata:distance>
        </extensions>
      </trkpt>
      <trkpt lat="54.410083600" lon="12.664506500">
        <ele>0.000</ele>
        <time>2021-06-07T15:08:05Z</time>
        <extensions>
          <gpxtpx:TrackPointExtension>
            <gpxtpx:atemp>22.7</gpxtpx:atemp>
            <gpxtpx:cad>0</gpxtpx:cad>
          </gpxtpx:TrackPointExtension>
          <gpxdata:distance>7.312</gpxdata:distance>
        </extensions>
      </trkpt>
      <trkpt lat="54.409237600" lon="12.665497500">
        <ele>0.000</ele>
        <time>2021-06-07T15:08:22Z</time>
        <extensions>
          <gpxtpx:TrackPointExtension>
            <gpxtpx:atemp>22.8</gpxtpx:atemp>
            <gpxtpx:cad>0</gpxtpx:cad>
          </gpxtpx:TrackPointExtension>
          <gpxdata:distance>4.383</gpxdata:distance>
        </extensions>
      </trkpt>
      <trkpt lat="54.408879600" lon="12.665257500">
        <ele>0.000</ele>
        <time>2021-06-07T15:08:31Z</time>
        <extensions>
          <gpxtpx:TrackPointExtension>
            <gpxtpx:atemp>22.8</gpxtpx:atemp>
            <gpxtpx:cad>0</gpxtpx:cad>
          </gpxtpx:TrackPointExtension>
          <gpxdata:distance>6.195</gpxdata:distance>
        </extensions>
      </trkpt>
      <trkpt lat="54.408572600" lon="12.665325500">
        <ele>0.000</ele>
        <time>2021-06-07T15:08:36Z</time>
        <extensions>
          <gpxtpx:TrackPointExtension>
            <gpxtpx:atemp>22.8</gpxtpx:atemp>
            <gpxtpx:cad>0</gpxtpx:cad>
          </gpxtpx:TrackPointExtension>
          <gpxdata:distance>7.117</gpxdata:distance>
        </extensions>
      </trkpt>
      <trkpt lat="54.405613200" lon="12.668970400">
        <ele>0.000</ele>
        <time>2021-06-07T15:09:34Z</time>
        <extensions>
          <gpxtpx:TrackPointExtension>
            <gpxtpx:atemp>23.0</gpxtpx:atemp>
            <gpxtpx:cad>0</gpxtpx:cad>
          </gpxtpx:TrackPointExtension>
          <gpxdata:distance>7.5</gpxdata:distance>
        </extensions>
      </trkpt>
      <trkpt lat="54.405181200" lon="12.669787400">
        <ele>0.000</ele>
        <time>2021-06-07T15:09:44Z</time>
        <extensions>
          <gpxtpx:TrackPointExtension>
            <gpxtpx:atemp>23.0</gpxtpx:atemp>
            <gpxtpx:cad>0</gpxtpx:cad>
          </gpxtpx:TrackPointExtension>
          <gpxdata:distance>6.953</gpxdata:distance>
        </extensions>
      </trkpt>
      <trkpt lat="54.405006200" lon="12.670647400">
        <ele>0.000</ele>
        <time>2021-06-07T15:09:53Z</time>
        <extensions>
          <gpxtpx:TrackPointExtension>
            <gpxtpx:atemp>23.0</gpxtpx:atemp>
            <gpxtpx:cad>0</gpxtpx:cad>
          </gpxtpx:TrackPointExtension>
          <gpxdata:distance>5.961</gpxdata:distance>
        </extensions>
      </trkpt>
      <trkpt lat="54.403213200" lon="12.672755700">
        <ele>0.000</ele>
        <time>2021-06-07T15:10:26Z</time>
        <extensions>
          <gpxtpx:TrackPointExtension>
            <gpxtpx:atemp>23.0</gpxtpx:atemp>
            <gpxtpx:cad>0</gpxtpx:cad>
          </gpxtpx:TrackPointExtension>
          <gpxdata:distance>7.398</gpxdata:distance>
        </extensions>
      </trkpt>
      <trkpt lat="54.402412200" lon="12.673282700">
        <ele>0.000</ele>
        <time>2021-06-07T15:10:39Z</time>
        <extensions>
          <gpxtpx:TrackPointExtension>
            <gpxtpx:atemp>23.1</gpxtpx:atemp>
            <gpxtpx:cad>0</gpxtpx:cad>
          </gpxtpx:TrackPointExtension>
          <gpxdata:distance>7.461</gpxdata:distance>
        </extensions>
      </trkpt>
      <trkpt lat="54.401429200" lon="12.673461700">
        <ele>0.000</ele>
        <time>2021-06-07T15:10:55Z</time>
        <extensions>
          <gpxtpx:TrackPointExtension>
            <gpxtpx:atemp>23.1</gpxtpx:atemp>
            <gpxtpx:cad>0</gpxtpx:cad>
          </gpxtpx:TrackPointExtension>
          <gpxdata:distance>7.164</gpxdata:distance>
        </extensions>
      </trkpt>
      <trkpt lat="54.395800000" lon="12.673421800">
        <ele>0.000</ele>
        <time>2021-06-07T15:12:18Z</time>
        <extensions>
          <gpxtpx:TrackPointExtension>
            <gpxtpx:atemp>23.4</gpxtpx:atemp>
            <gpxtpx:cad>0</gpxtpx:cad>
          </gpxtpx:TrackPointExtension>
          <gpxdata:distance>7.93</gpxdata:distance>
        </extensions>
      </trkpt>
      <trkpt lat="54.394760000" lon="12.673632800">
        <ele>0.000</ele>
        <time>2021-06-07T15:12:33Z</time>
        <extensions>
          <gpxtpx:TrackPointExtension>
            <gpxtpx:atemp>23.5</gpxtpx:atemp>
            <gpxtpx:cad>0</gpxtpx:cad>
          </gpxtpx:TrackPointExtension>
          <gpxdata:distance>7.492</gpxdata:distance>
        </extensions>
      </trkpt>
      <trkpt lat="54.392353600" lon="12.673625400">
        <ele>0.000</ele>
        <time>2021-06-07T15:13:09Z</time>
        <extensions>
          <gpxtpx:TrackPointExtension>
            <gpxtpx:atemp>23.6</gpxtpx:atemp>
            <gpxtpx:cad>0</gpxtpx:cad>
          </gpxtpx:TrackPointExtension>
          <gpxdata:distance>7.172</gpxdata:distance>
        </extensions>
      </trkpt>
      <trkpt lat="54.391315600" lon="12.673421400">
        <ele>0.000</ele>
        <time>2021-06-07T15:13:25Z</time>
        <extensions>
          <gpxtpx:TrackPointExtension>
            <gpxtpx:atemp>23.6</gpxtpx:atemp>
            <gpxtpx:cad>0</gpxtpx:cad>
          </gpxtpx:TrackPointExtension>
          <gpxdata:distance>7.523</gpxdata:distance>
        </extensions>
      </trkpt>
      <trkpt lat="54.391019600" lon="12.673610400">
        <ele>0.000</ele>
        <time>2021-06-07T15:13:30Z</time>
        <extensions>
          <gpxtpx:TrackPointExtension>
            <gpxtpx:atemp>23.6</gpxtpx:atemp>
            <gpxtpx:cad>0</gpxtpx:cad>
          </gpxtpx:TrackPointExtension>
          <gpxdata:distance>7.227</gpxdata:distance>
        </extensions>
      </trkpt>
      <trkpt lat="54.389765600" lon="12.673583400">
        <ele>0.000</ele>
        <time>2021-06-07T15:13:49Z</time>
        <extensions>
          <gpxtpx:TrackPointExtension>
            <gpxtpx:atemp>23.7</gpxtpx:atemp>
            <gpxtpx:cad>0</gpxtpx:cad>
          </gpxtpx:TrackPointExtension>
          <gpxdata:distance>7.266</gpxdata:distance>
        </extensions>
      </trkpt>
      <trkpt lat="54.389531600" lon="12.673402400">
        <ele>0.000</ele>
        <time>2021-06-07T15:13:53Z</time>
        <extensions>
          <gpxtpx:TrackPointExtension>
            <gpxtpx:atemp>23.7</gpxtpx:atemp>
            <gpxtpx:cad>0</gpxtpx:cad>
          </gpxtpx:TrackPointExtension>
          <gpxdata:distance>7.133</gpxdata:distance>
        </extensions>
      </trkpt>
      <trkpt lat="54.387398500" lon="12.673477400">
        <ele>0.000</ele>
        <time>2021-06-07T15:14:27Z</time>
        <extensions>
          <gpxtpx:TrackPointExtension>
            <gpxtpx:atemp>23.7</gpxtpx:atemp>
            <gpxtpx:cad>0</gpxtpx:cad>
          </gpxtpx:TrackPointExtension>
          <gpxdata:distance>7.125</gpxdata:distance>
        </extensions>
      </trkpt>
      <trkpt lat="54.383193200" lon="12.673399200">
        <ele>0.000</ele>
        <time>2021-06-07T15:15:33Z</time>
        <extensions>
          <gpxtpx:TrackPointExtension>
            <gpxtpx:atemp>23.8</gpxtpx:atemp>
            <gpxtpx:cad>0</gpxtpx:cad>
          </gpxtpx:TrackPointExtension>
          <gpxdata:distance>7.25</gpxdata:distance>
        </extensions>
      </trkpt>
      <trkpt lat="54.381507200" lon="12.673018200">
        <ele>0.000</ele>
        <time>2021-06-07T15:16:01Z</time>
        <extensions>
          <gpxtpx:TrackPointExtension>
            <gpxtpx:atemp>23.8</gpxtpx:atemp>
            <gpxtpx:cad>0</gpxtpx:cad>
          </gpxtpx:TrackPointExtension>
          <gpxdata:distance>4.641</gpxdata:distance>
        </extensions>
      </trkpt>
      <trkpt lat="54.381461200" lon="12.673323200">
        <ele>0.000</ele>
        <time>2021-06-07T15:16:08Z</time>
        <extensions>
          <gpxtpx:TrackPointExtension>
            <gpxtpx:atemp>23.8</gpxtpx:atemp>
            <gpxtpx:cad>0</gpxtpx:cad>
          </gpxtpx:TrackPointExtension>
          <gpxdata:distance>2.727</gpxdata:distance>
        </extensions>
      </trkpt>
      <trkpt lat="54.382043200" lon="12.675379200">
        <ele>0.000</ele>
        <time>2021-06-07T15:16:48Z</time>
        <extensions>
          <gpxtpx:TrackPointExtension>
            <gpxtpx:atemp>23.8</gpxtpx:atemp>
            <gpxtpx:cad>0</gpxtpx:cad>
          </gpxtpx:TrackPointExtension>
          <gpxdata:distance>4.578</gpxdata:distance>
        </extensions>
      </trkpt>
      <trkpt lat="54.382527500" lon="12.676484100">
        <ele>0.000</ele>
        <time>2021-06-07T15:17:06Z</time>
        <extensions>
          <gpxtpx:TrackPointExtension>
            <gpxtpx:atemp>23.7</gpxtpx:atemp>
            <gpxtpx:cad>0</gpxtpx:cad>
          </gpxtpx:TrackPointExtension>
          <gpxdata:distance>4.891</gpxdata:distance>
        </extensions>
      </trkpt>
      <trkpt lat="54.382762500" lon="12.677564100">
        <ele>0.000</ele>
        <time>2021-06-07T15:17:25Z</time>
        <extensions>
          <gpxtpx:TrackPointExtension>
            <gpxtpx:atemp>23.7</gpxtpx:atemp>
            <gpxtpx:cad>0</gpxtpx:cad>
          </gpxtpx:TrackPointExtension>
          <gpxdata:distance>3.172</gpxdata:distance>
        </extensions>
      </trkpt>
      <trkpt lat="54.382682500" lon="12.677791100">
        <ele>0.000</ele>
        <time>2021-06-07T15:17:31Z</time>
        <extensions>
          <gpxtpx:TrackPointExtension>
            <gpxtpx:atemp>23.7</gpxtpx:atemp>
            <gpxtpx:cad>0</gpxtpx:cad>
          </gpxtpx:TrackPointExtension>
          <gpxdata:distance>3.148</gpxdata:distance>
        </extensions>
      </trkpt>
      <trkpt lat="54.380450100" lon="12.679497500">
        <ele>0.000</ele>
        <time>2021-06-07T15:18:15Z</time>
        <extensions>
          <gpxtpx:TrackPointExtension>
            <gpxtpx:atemp>23.8</gpxtpx:atemp>
            <gpxtpx:cad>0</gpxtpx:cad>
          </gpxtpx:TrackPointExtension>
          <gpxdata:distance>5.547</gpxdata:distance>
        </extensions>
      </trkpt>
      <trkpt lat="54.380570300" lon="12.679962800">
        <ele>0.000</ele>
        <time>2021-06-07T15:31:57Z</time>
        <extensions>
          <gpxtpx:TrackPointExtension>
            <gpxtpx:atemp>25.4</gpxtpx:atemp>
            <gpxtpx:cad>0</gpxtpx:cad>
          </gpxtpx:TrackPointExtension>
          <gpxdata:distance>0.336</gpxdata:distance>
        </extensions>
      </trkpt>
    </trkseg>
  </trk>
</gpx>
